#-----------------------------------------------------------
# Vivado v2023.2 (64-bit)
# SW Build 4029153 on Fri Oct 13 20:14:34 MDT 2023
# IP Build 4028589 on Sat Oct 14 00:45:43 MDT 2023
# SharedData Build 4025554 on Tue Oct 10 17:18:54 MDT 2023
# Start of session at: Wed Jul 29 10:40:06 2026
# Process ID: 14132
# Current directory: D:/miniRV_CTEST_CoreMark_v8/miniRV_lab2_C_TEST0-4_CoreMark_50MHz_v8_MEM_handshake_fixed/miniRV_complete
# Command line: vivado.exe -mode batch -notrace -source build_c_test_board_bitstream.tcl
# Log file: D:/miniRV_CTEST_CoreMark_v8/miniRV_lab2_C_TEST0-4_CoreMark_50MHz_v8_MEM_handshake_fixed/miniRV_complete/vivado.log
# Journal file: D:/miniRV_CTEST_CoreMark_v8/miniRV_lab2_C_TEST0-4_CoreMark_50MHz_v8_MEM_handshake_fixed/miniRV_complete\vivado.jou
# Running On: 217-29, OS: Windows, CPU Frequency: 3192 MHz, CPU Physical cores: 6, Host memory: 17056 MB
#-----------------------------------------------------------
source build_c_test_board_bitstream.tcl -notrace
INFO: [ProjectBase 1-489] The host OS only allows 260 characters in a normal path. The project is stored in a path with more than 80 characters. If you experience issues with IP, Block Designs, or files not being found, please consider moving the project to a location with a shorter path. Alternately consider using the OS subst command to map part of the path to a drive letter.
Current project path is 'D:/miniRV_CTEST_CoreMark_v8/miniRV_lab2_C_TEST0-4_CoreMark_50MHz_v8_MEM_handshake_fixed/miniRV_complete/vivado_c_test_board_50MHz'
INFO: [filemgmt 56-3] Default IP Output Path : Could not find the directory 'D:/miniRV_CTEST_CoreMark_v8/miniRV_lab2_C_TEST0-4_CoreMark_50MHz_v8_MEM_handshake_fixed/miniRV_complete/vivado_c_test_board_50MHz/miniRV_c_test_board_50MHz.gen/sources_1'.
Scanning sources...
Finished scanning sources
INFO: [IP_Flow 19-234] Refreshing IP repositories
INFO: [IP_Flow 19-1704] No user IP repositories specified
INFO: [IP_Flow 19-2313] Loaded Vivado IP repository 'D:/Xilinx/Vivado/2023.2/data/ip'.
open_project: Time (s): cpu = 00:00:06 ; elapsed = 00:00:06 . Memory (MB): peak = 482.406 ; gain = 185.465
Confirmed pipelined SoC clock = 50.000 MHz
Confirmed UART/peripheral input clock = 50000000 Hz
Confirmed CoreMark MHZ = 50
Confirmed C_TEST timer frequency = 50 MHz
Confirmed active C_TEST = 4_coremark
Confirmed active image = 5 x 8192-word BRAM banks / 160 KiB
Confirmed main memory = 5 x 8192-word banks / 160 KiB
Confirmed v8 request-qualified memory response guard
Confirmed UART status bits: bit3=TX busy, bit2=TX idle
Confirmed synthesis image = active_test_bank0.hex through bank4.hex
INFO: [IP_Flow 19-6924] IPCACHE: Running cache check for IP inst: clk_wiz_0
WARNING: [Vivado 12-7122] Auto Incremental Compile:: No reference checkpoint was found in run synth_1. Auto-incremental flow will not be run, the standard flow will be run instead.
[Wed Jul 29 10:40:16 2026] Launched clk_wiz_0_synth_1...
Run output will be captured here: D:/miniRV_CTEST_CoreMark_v8/miniRV_lab2_C_TEST0-4_CoreMark_50MHz_v8_MEM_handshake_fixed/miniRV_complete/vivado_c_test_board_50MHz/miniRV_c_test_board_50MHz.runs/clk_wiz_0_synth_1/runme.log
[Wed Jul 29 10:40:16 2026] Launched synth_1...
Run output will be captured here: D:/miniRV_CTEST_CoreMark_v8/miniRV_lab2_C_TEST0-4_CoreMark_50MHz_v8_MEM_handshake_fixed/miniRV_complete/vivado_c_test_board_50MHz/miniRV_c_test_board_50MHz.runs/synth_1/runme.log
[Wed Jul 29 10:40:16 2026] Waiting for synth_1 to finish...

*** Running vivado
    with args -log miniRV_SoC.vds -m64 -product Vivado -mode batch -messageDb vivado.pb -notrace -source miniRV_SoC.tcl


ECHO 处于关闭状态。
ECHO 处于关闭状态。

****** Vivado v2023.2 (64-bit)
  **** SW Build 4029153 on Fri Oct 13 20:14:34 MDT 2023
  **** IP Build 4028589 on Sat Oct 14 00:45:43 MDT 2023
  **** SharedData Build 4025554 on Tue Oct 10 17:18:54 MDT 2023
    ** Copyright 1986-2022 Xilinx, Inc. All Rights Reserved.
    ** Copyright 2022-2023 Advanced Micro Devices, Inc. All Rights Reserved.

source miniRV_SoC.tcl -notrace
create_project: Time (s): cpu = 00:00:06 ; elapsed = 00:00:06 . Memory (MB): peak = 473.344 ; gain = 178.516
Command: synth_design -top miniRV_SoC -part xc7a35tcsg324-1 -directive PerformanceOptimized -global_retiming on -fsm_extraction one_hot -keep_equivalent_registers -resource_sharing off -no_lc -shreg_min_size 5
Starting synth_design
Attempting to get a license for feature 'Synthesis' and/or device 'xc7a35t'
INFO: [Common 17-349] Got license for feature 'Synthesis' and/or device 'xc7a35t'
INFO: [Device 21-403] Loading part xc7a35tcsg324-1
INFO: [Synth 8-7079] Multithreading enabled for synth_design using a maximum of 2 processes.
INFO: [Synth 8-7078] Launching helper process for spawning children vivado processes
INFO: [Synth 8-7075] Helper process launched with PID 6224
---------------------------------------------------------------------------------
Starting RTL Elaboration : Time (s): cpu = 00:00:05 ; elapsed = 00:00:05 . Memory (MB): peak = 1317.973 ; gain = 438.258
---------------------------------------------------------------------------------
INFO: [Synth 8-6157] synthesizing module 'miniRV_SoC' [D:/miniRV_CTEST_CoreMark_v8/miniRV_lab2_C_TEST0-4_CoreMark_50MHz_v8_MEM_handshake_fixed/miniRV_complete/src/rtl/miniRV_SoC.v:5]
	Parameter MEM_BANK0_FILE bound to: active_test_bank0.hex - type: string 
	Parameter MEM_BANK1_FILE bound to: active_test_bank1.hex - type: string 
	Parameter MEM_BANK2_FILE bound to: active_test_bank2.hex - type: string 
	Parameter MEM_BANK3_FILE bound to: active_test_bank3.hex - type: string 
	Parameter MEM_BANK4_FILE bound to: active_test_bank4.hex - type: string 
INFO: [Synth 8-6157] synthesizing module 'clk_wiz_0' [D:/miniRV_CTEST_CoreMark_v8/miniRV_lab2_C_TEST0-4_CoreMark_50MHz_v8_MEM_handshake_fixed/miniRV_complete/vivado_c_test_board_50MHz/miniRV_c_test_board_50MHz.runs/synth_1/.Xil/Vivado-2620-217-29/realtime/clk_wiz_0_stub.v:6]
INFO: [Synth 8-6155] done synthesizing module 'clk_wiz_0' (0#1) [D:/miniRV_CTEST_CoreMark_v8/miniRV_lab2_C_TEST0-4_CoreMark_50MHz_v8_MEM_handshake_fixed/miniRV_complete/vivado_c_test_board_50MHz/miniRV_c_test_board_50MHz.runs/synth_1/.Xil/Vivado-2620-217-29/realtime/clk_wiz_0_stub.v:6]
INFO: [Synth 8-6157] synthesizing module 'cpu_top' [D:/miniRV_CTEST_CoreMark_v8/miniRV_lab2_C_TEST0-4_CoreMark_50MHz_v8_MEM_handshake_fixed/miniRV_complete/src/rtl/cpu_top.v:3]
INFO: [Synth 8-6157] synthesizing module 'cpu_core' [D:/miniRV_CTEST_CoreMark_v8/miniRV_lab2_C_TEST0-4_CoreMark_50MHz_v8_MEM_handshake_fixed/miniRV_complete/src/rtl/cpu_core.v:5]
INFO: [Synth 8-6157] synthesizing module 'Controller' [D:/miniRV_CTEST_CoreMark_v8/miniRV_lab2_C_TEST0-4_CoreMark_50MHz_v8_MEM_handshake_fixed/miniRV_complete/src/rtl/Controller.v:5]
INFO: [Synth 8-6155] done synthesizing module 'Controller' (0#1) [D:/miniRV_CTEST_CoreMark_v8/miniRV_lab2_C_TEST0-4_CoreMark_50MHz_v8_MEM_handshake_fixed/miniRV_complete/src/rtl/Controller.v:5]
INFO: [Synth 8-6157] synthesizing module 'SEXT' [D:/miniRV_CTEST_CoreMark_v8/miniRV_lab2_C_TEST0-4_CoreMark_50MHz_v8_MEM_handshake_fixed/miniRV_complete/src/rtl/SEXT.v:5]
INFO: [Synth 8-6155] done synthesizing module 'SEXT' (0#1) [D:/miniRV_CTEST_CoreMark_v8/miniRV_lab2_C_TEST0-4_CoreMark_50MHz_v8_MEM_handshake_fixed/miniRV_complete/src/rtl/SEXT.v:5]
INFO: [Synth 8-6157] synthesizing module 'RF' [D:/miniRV_CTEST_CoreMark_v8/miniRV_lab2_C_TEST0-4_CoreMark_50MHz_v8_MEM_handshake_fixed/miniRV_complete/src/rtl/RF.v:3]
INFO: [Synth 8-6155] done synthesizing module 'RF' (0#1) [D:/miniRV_CTEST_CoreMark_v8/miniRV_lab2_C_TEST0-4_CoreMark_50MHz_v8_MEM_handshake_fixed/miniRV_complete/src/rtl/RF.v:3]
INFO: [Synth 8-6157] synthesizing module 'ALU' [D:/miniRV_CTEST_CoreMark_v8/miniRV_lab2_C_TEST0-4_CoreMark_50MHz_v8_MEM_handshake_fixed/miniRV_complete/src/rtl/ALU.v:5]
INFO: [Synth 8-6157] synthesizing module 'multiplier' [D:/miniRV_CTEST_CoreMark_v8/miniRV_lab2_C_TEST0-4_CoreMark_50MHz_v8_MEM_handshake_fixed/miniRV_complete/src/rtl/multiplier.v:3]
	Parameter WIDTH bound to: 32 - type: integer 
INFO: [Synth 8-6155] done synthesizing module 'multiplier' (0#1) [D:/miniRV_CTEST_CoreMark_v8/miniRV_lab2_C_TEST0-4_CoreMark_50MHz_v8_MEM_handshake_fixed/miniRV_complete/src/rtl/multiplier.v:3]
INFO: [Synth 8-6157] synthesizing module 'multiplier__parameterized0' [D:/miniRV_CTEST_CoreMark_v8/miniRV_lab2_C_TEST0-4_CoreMark_50MHz_v8_MEM_handshake_fixed/miniRV_complete/src/rtl/multiplier.v:3]
	Parameter WIDTH bound to: 33 - type: integer 
INFO: [Synth 8-6155] done synthesizing module 'multiplier__parameterized0' (0#1) [D:/miniRV_CTEST_CoreMark_v8/miniRV_lab2_C_TEST0-4_CoreMark_50MHz_v8_MEM_handshake_fixed/miniRV_complete/src/rtl/multiplier.v:3]
INFO: [Synth 8-6157] synthesizing module 'divider' [D:/miniRV_CTEST_CoreMark_v8/miniRV_lab2_C_TEST0-4_CoreMark_50MHz_v8_MEM_handshake_fixed/miniRV_complete/src/rtl/divider.v:3]
	Parameter WIDTH bound to: 32 - type: integer 
INFO: [Synth 8-6155] done synthesizing module 'divider' (0#1) [D:/miniRV_CTEST_CoreMark_v8/miniRV_lab2_C_TEST0-4_CoreMark_50MHz_v8_MEM_handshake_fixed/miniRV_complete/src/rtl/divider.v:3]
INFO: [Synth 8-6155] done synthesizing module 'ALU' (0#1) [D:/miniRV_CTEST_CoreMark_v8/miniRV_lab2_C_TEST0-4_CoreMark_50MHz_v8_MEM_handshake_fixed/miniRV_complete/src/rtl/ALU.v:5]
INFO: [Synth 8-6157] synthesizing module 'MREQ' [D:/miniRV_CTEST_CoreMark_v8/miniRV_lab2_C_TEST0-4_CoreMark_50MHz_v8_MEM_handshake_fixed/miniRV_complete/src/rtl/MREQ.v:5]
INFO: [Synth 8-155] case statement is not full and has no default [D:/miniRV_CTEST_CoreMark_v8/miniRV_lab2_C_TEST0-4_CoreMark_50MHz_v8_MEM_handshake_fixed/miniRV_complete/src/rtl/MREQ.v:28]
INFO: [Synth 8-6155] done synthesizing module 'MREQ' (0#1) [D:/miniRV_CTEST_CoreMark_v8/miniRV_lab2_C_TEST0-4_CoreMark_50MHz_v8_MEM_handshake_fixed/miniRV_complete/src/rtl/MREQ.v:5]
INFO: [Synth 8-6157] synthesizing module 'MEXT' [D:/miniRV_CTEST_CoreMark_v8/miniRV_lab2_C_TEST0-4_CoreMark_50MHz_v8_MEM_handshake_fixed/miniRV_complete/src/rtl/MEXT.v:5]
INFO: [Synth 8-6155] done synthesizing module 'MEXT' (0#1) [D:/miniRV_CTEST_CoreMark_v8/miniRV_lab2_C_TEST0-4_CoreMark_50MHz_v8_MEM_handshake_fixed/miniRV_complete/src/rtl/MEXT.v:5]
INFO: [Synth 8-6155] done synthesizing module 'cpu_core' (0#1) [D:/miniRV_CTEST_CoreMark_v8/miniRV_lab2_C_TEST0-4_CoreMark_50MHz_v8_MEM_handshake_fixed/miniRV_complete/src/rtl/cpu_core.v:5]
INFO: [Synth 8-6157] synthesizing module 'icache' [D:/miniRV_CTEST_CoreMark_v8/miniRV_lab2_C_TEST0-4_CoreMark_50MHz_v8_MEM_handshake_fixed/miniRV_complete/src/rtl/icache.v:3]
INFO: [Synth 8-6155] done synthesizing module 'icache' (0#1) [D:/miniRV_CTEST_CoreMark_v8/miniRV_lab2_C_TEST0-4_CoreMark_50MHz_v8_MEM_handshake_fixed/miniRV_complete/src/rtl/icache.v:3]
INFO: [Synth 8-6157] synthesizing module 'dcache' [D:/miniRV_CTEST_CoreMark_v8/miniRV_lab2_C_TEST0-4_CoreMark_50MHz_v8_MEM_handshake_fixed/miniRV_complete/src/rtl/dcache.v:3]
INFO: [Synth 8-6155] done synthesizing module 'dcache' (0#1) [D:/miniRV_CTEST_CoreMark_v8/miniRV_lab2_C_TEST0-4_CoreMark_50MHz_v8_MEM_handshake_fixed/miniRV_complete/src/rtl/dcache.v:3]
INFO: [Synth 8-6157] synthesizing module 'axi_master' [D:/miniRV_CTEST_CoreMark_v8/miniRV_lab2_C_TEST0-4_CoreMark_50MHz_v8_MEM_handshake_fixed/miniRV_complete/src/rtl/axi_master.v:3]
INFO: [Synth 8-6155] done synthesizing module 'axi_master' (0#1) [D:/miniRV_CTEST_CoreMark_v8/miniRV_lab2_C_TEST0-4_CoreMark_50MHz_v8_MEM_handshake_fixed/miniRV_complete/src/rtl/axi_master.v:3]
INFO: [Synth 8-6157] synthesizing module 'io_peripherals' [D:/miniRV_CTEST_CoreMark_v8/miniRV_lab2_C_TEST0-4_CoreMark_50MHz_v8_MEM_handshake_fixed/miniRV_complete/src/rtl/io_peripherals.v:5]
	Parameter CLK_FREQ bound to: 50000000 - type: integer 
INFO: [Synth 8-6157] synthesizing module 'uart_simple' [D:/miniRV_CTEST_CoreMark_v8/miniRV_lab2_C_TEST0-4_CoreMark_50MHz_v8_MEM_handshake_fixed/miniRV_complete/src/rtl/uart_simple.v:3]
	Parameter CLK_FREQ bound to: 50000000 - type: integer 
	Parameter BAUD bound to: 115200 - type: integer 
INFO: [Synth 8-6155] done synthesizing module 'uart_simple' (0#1) [D:/miniRV_CTEST_CoreMark_v8/miniRV_lab2_C_TEST0-4_CoreMark_50MHz_v8_MEM_handshake_fixed/miniRV_complete/src/rtl/uart_simple.v:3]
INFO: [Synth 8-6155] done synthesizing module 'io_peripherals' (0#1) [D:/miniRV_CTEST_CoreMark_v8/miniRV_lab2_C_TEST0-4_CoreMark_50MHz_v8_MEM_handshake_fixed/miniRV_complete/src/rtl/io_peripherals.v:5]
INFO: [Synth 8-6157] synthesizing module 'seven_seg' [D:/miniRV_CTEST_CoreMark_v8/miniRV_lab2_C_TEST0-4_CoreMark_50MHz_v8_MEM_handshake_fixed/miniRV_complete/src/rtl/seven_seg.v:3]
INFO: [Synth 8-6155] done synthesizing module 'seven_seg' (0#1) [D:/miniRV_CTEST_CoreMark_v8/miniRV_lab2_C_TEST0-4_CoreMark_50MHz_v8_MEM_handshake_fixed/miniRV_complete/src/rtl/seven_seg.v:3]
INFO: [Synth 8-6155] done synthesizing module 'cpu_top' (0#1) [D:/miniRV_CTEST_CoreMark_v8/miniRV_lab2_C_TEST0-4_CoreMark_50MHz_v8_MEM_handshake_fixed/miniRV_complete/src/rtl/cpu_top.v:3]
WARNING: [Synth 8-7071] port 'debug_wb_valid' of module 'cpu_top' is unconnected for instance 'U_cpu' [D:/miniRV_CTEST_CoreMark_v8/miniRV_lab2_C_TEST0-4_CoreMark_50MHz_v8_MEM_handshake_fixed/miniRV_complete/src/rtl/miniRV_SoC.v:80]
WARNING: [Synth 8-7071] port 'debug_wb_inst' of module 'cpu_top' is unconnected for instance 'U_cpu' [D:/miniRV_CTEST_CoreMark_v8/miniRV_lab2_C_TEST0-4_CoreMark_50MHz_v8_MEM_handshake_fixed/miniRV_complete/src/rtl/miniRV_SoC.v:80]
WARNING: [Synth 8-7071] port 'debug_wb_pc' of module 'cpu_top' is unconnected for instance 'U_cpu' [D:/miniRV_CTEST_CoreMark_v8/miniRV_lab2_C_TEST0-4_CoreMark_50MHz_v8_MEM_handshake_fixed/miniRV_complete/src/rtl/miniRV_SoC.v:80]
WARNING: [Synth 8-7071] port 'debug_wb_rf_we' of module 'cpu_top' is unconnected for instance 'U_cpu' [D:/miniRV_CTEST_CoreMark_v8/miniRV_lab2_C_TEST0-4_CoreMark_50MHz_v8_MEM_handshake_fixed/miniRV_complete/src/rtl/miniRV_SoC.v:80]
WARNING: [Synth 8-7071] port 'debug_wb_rf_wR' of module 'cpu_top' is unconnected for instance 'U_cpu' [D:/miniRV_CTEST_CoreMark_v8/miniRV_lab2_C_TEST0-4_CoreMark_50MHz_v8_MEM_handshake_fixed/miniRV_complete/src/rtl/miniRV_SoC.v:80]
WARNING: [Synth 8-7071] port 'debug_wb_rf_wD' of module 'cpu_top' is unconnected for instance 'U_cpu' [D:/miniRV_CTEST_CoreMark_v8/miniRV_lab2_C_TEST0-4_CoreMark_50MHz_v8_MEM_handshake_fixed/miniRV_complete/src/rtl/miniRV_SoC.v:80]
WARNING: [Synth 8-7071] port 'debug_mem_pc' of module 'cpu_top' is unconnected for instance 'U_cpu' [D:/miniRV_CTEST_CoreMark_v8/miniRV_lab2_C_TEST0-4_CoreMark_50MHz_v8_MEM_handshake_fixed/miniRV_complete/src/rtl/miniRV_SoC.v:80]
WARNING: [Synth 8-7071] port 'debug_mem_we' of module 'cpu_top' is unconnected for instance 'U_cpu' [D:/miniRV_CTEST_CoreMark_v8/miniRV_lab2_C_TEST0-4_CoreMark_50MHz_v8_MEM_handshake_fixed/miniRV_complete/src/rtl/miniRV_SoC.v:80]
WARNING: [Synth 8-7071] port 'debug_mem_waddr' of module 'cpu_top' is unconnected for instance 'U_cpu' [D:/miniRV_CTEST_CoreMark_v8/miniRV_lab2_C_TEST0-4_CoreMark_50MHz_v8_MEM_handshake_fixed/miniRV_complete/src/rtl/miniRV_SoC.v:80]
WARNING: [Synth 8-7071] port 'debug_mem_wdata' of module 'cpu_top' is unconnected for instance 'U_cpu' [D:/miniRV_CTEST_CoreMark_v8/miniRV_lab2_C_TEST0-4_CoreMark_50MHz_v8_MEM_handshake_fixed/miniRV_complete/src/rtl/miniRV_SoC.v:80]
WARNING: [Synth 8-7023] instance 'U_cpu' of module 'cpu_top' has 44 connections declared, but only 34 given [D:/miniRV_CTEST_CoreMark_v8/miniRV_lab2_C_TEST0-4_CoreMark_50MHz_v8_MEM_handshake_fixed/miniRV_complete/src/rtl/miniRV_SoC.v:80]
INFO: [Synth 8-6157] synthesizing module 'axi_bram_slave' [D:/miniRV_CTEST_CoreMark_v8/miniRV_lab2_C_TEST0-4_CoreMark_50MHz_v8_MEM_handshake_fixed/miniRV_complete/src/rtl/axi_bram_slave.v:3]
	Parameter RAM_WORDS bound to: 40960 - type: integer 
	Parameter BANK0_INIT_FILE bound to: active_test_bank0.hex - type: string 
	Parameter BANK1_INIT_FILE bound to: active_test_bank1.hex - type: string 
	Parameter BANK2_INIT_FILE bound to: active_test_bank2.hex - type: string 
	Parameter BANK3_INIT_FILE bound to: active_test_bank3.hex - type: string 
	Parameter BANK4_INIT_FILE bound to: active_test_bank4.hex - type: string 
INFO: [Synth 8-3876] $readmem data file 'active_test_bank0.hex' is read successfully [D:/miniRV_CTEST_CoreMark_v8/miniRV_lab2_C_TEST0-4_CoreMark_50MHz_v8_MEM_handshake_fixed/miniRV_complete/src/rtl/axi_bram_slave.v:95]
INFO: [Synth 8-3876] $readmem data file 'active_test_bank1.hex' is read successfully [D:/miniRV_CTEST_CoreMark_v8/miniRV_lab2_C_TEST0-4_CoreMark_50MHz_v8_MEM_handshake_fixed/miniRV_complete/src/rtl/axi_bram_slave.v:97]
INFO: [Synth 8-3876] $readmem data file 'active_test_bank2.hex' is read successfully [D:/miniRV_CTEST_CoreMark_v8/miniRV_lab2_C_TEST0-4_CoreMark_50MHz_v8_MEM_handshake_fixed/miniRV_complete/src/rtl/axi_bram_slave.v:99]
INFO: [Synth 8-3876] $readmem data file 'active_test_bank3.hex' is read successfully [D:/miniRV_CTEST_CoreMark_v8/miniRV_lab2_C_TEST0-4_CoreMark_50MHz_v8_MEM_handshake_fixed/miniRV_complete/src/rtl/axi_bram_slave.v:101]
INFO: [Synth 8-3876] $readmem data file 'active_test_bank4.hex' is read successfully [D:/miniRV_CTEST_CoreMark_v8/miniRV_lab2_C_TEST0-4_CoreMark_50MHz_v8_MEM_handshake_fixed/miniRV_complete/src/rtl/axi_bram_slave.v:103]
INFO: [Synth 8-6155] done synthesizing module 'axi_bram_slave' (0#1) [D:/miniRV_CTEST_CoreMark_v8/miniRV_lab2_C_TEST0-4_CoreMark_50MHz_v8_MEM_handshake_fixed/miniRV_complete/src/rtl/axi_bram_slave.v:3]
INFO: [Synth 8-6155] done synthesizing module 'miniRV_SoC' (0#1) [D:/miniRV_CTEST_CoreMark_v8/miniRV_lab2_C_TEST0-4_CoreMark_50MHz_v8_MEM_handshake_fixed/miniRV_complete/src/rtl/miniRV_SoC.v:5]
WARNING: [Synth 8-6014] Unused sequential element md_op_reg was removed.  [D:/miniRV_CTEST_CoreMark_v8/miniRV_lab2_C_TEST0-4_CoreMark_50MHz_v8_MEM_handshake_fixed/miniRV_complete/src/rtl/ALU.v:52]
WARNING: [Synth 8-7129] Port s_axi_awlen[7] in module axi_bram_slave is either unconnected or has no load
WARNING: [Synth 8-7129] Port s_axi_awlen[6] in module axi_bram_slave is either unconnected or has no load
WARNING: [Synth 8-7129] Port s_axi_awlen[5] in module axi_bram_slave is either unconnected or has no load
WARNING: [Synth 8-7129] Port s_axi_awlen[4] in module axi_bram_slave is either unconnected or has no load
WARNING: [Synth 8-7129] Port s_axi_awlen[3] in module axi_bram_slave is either unconnected or has no load
WARNING: [Synth 8-7129] Port s_axi_awlen[2] in module axi_bram_slave is either unconnected or has no load
WARNING: [Synth 8-7129] Port s_axi_awlen[1] in module axi_bram_slave is either unconnected or has no load
WARNING: [Synth 8-7129] Port s_axi_awlen[0] in module axi_bram_slave is either unconnected or has no load
WARNING: [Synth 8-7129] Port s_axi_awsize[2] in module axi_bram_slave is either unconnected or has no load
WARNING: [Synth 8-7129] Port s_axi_awsize[1] in module axi_bram_slave is either unconnected or has no load
WARNING: [Synth 8-7129] Port s_axi_awsize[0] in module axi_bram_slave is either unconnected or has no load
WARNING: [Synth 8-7129] Port s_axi_awburst[1] in module axi_bram_slave is either unconnected or has no load
WARNING: [Synth 8-7129] Port s_axi_awburst[0] in module axi_bram_slave is either unconnected or has no load
WARNING: [Synth 8-7129] Port s_axi_wlast in module axi_bram_slave is either unconnected or has no load
WARNING: [Synth 8-7129] Port s_axi_arsize[2] in module axi_bram_slave is either unconnected or has no load
WARNING: [Synth 8-7129] Port s_axi_arsize[1] in module axi_bram_slave is either unconnected or has no load
WARNING: [Synth 8-7129] Port s_axi_arsize[0] in module axi_bram_slave is either unconnected or has no load
WARNING: [Synth 8-7129] Port s_axi_arburst[1] in module axi_bram_slave is either unconnected or has no load
WARNING: [Synth 8-7129] Port s_axi_arburst[0] in module axi_bram_slave is either unconnected or has no load
WARNING: [Synth 8-7129] Port m_axi_bresp[1] in module axi_master is either unconnected or has no load
WARNING: [Synth 8-7129] Port m_axi_bresp[0] in module axi_master is either unconnected or has no load
WARNING: [Synth 8-7129] Port m_axi_rresp[1] in module axi_master is either unconnected or has no load
WARNING: [Synth 8-7129] Port m_axi_rresp[0] in module axi_master is either unconnected or has no load
---------------------------------------------------------------------------------
Finished RTL Elaboration : Time (s): cpu = 00:00:08 ; elapsed = 00:00:08 . Memory (MB): peak = 1497.777 ; gain = 618.062
---------------------------------------------------------------------------------
---------------------------------------------------------------------------------
Start Handling Custom Attributes
---------------------------------------------------------------------------------
---------------------------------------------------------------------------------
Finished Handling Custom Attributes : Time (s): cpu = 00:00:08 ; elapsed = 00:00:09 . Memory (MB): peak = 1497.777 ; gain = 618.062
---------------------------------------------------------------------------------
---------------------------------------------------------------------------------
Finished RTL Optimization Phase 1 : Time (s): cpu = 00:00:08 ; elapsed = 00:00:09 . Memory (MB): peak = 1497.777 ; gain = 618.062
---------------------------------------------------------------------------------
Netlist sorting complete. Time (s): cpu = 00:00:00 ; elapsed = 00:00:00.110 . Memory (MB): peak = 1497.777 ; gain = 0.000
INFO: [Project 1-570] Preparing netlist for logic optimization

Processing XDC Constraints
Initializing timing engine
Parsing XDC File [d:/miniRV_CTEST_CoreMark_v8/miniRV_lab2_C_TEST0-4_CoreMark_50MHz_v8_MEM_handshake_fixed/miniRV_complete/miniRV.gen/sources_1/ip/clk_wiz_0/clk_wiz_0/clk_wiz_0_in_context.xdc] for cell 'U_CLKGEN'
Finished Parsing XDC File [d:/miniRV_CTEST_CoreMark_v8/miniRV_lab2_C_TEST0-4_CoreMark_50MHz_v8_MEM_handshake_fixed/miniRV_complete/miniRV.gen/sources_1/ip/clk_wiz_0/clk_wiz_0/clk_wiz_0_in_context.xdc] for cell 'U_CLKGEN'
Parsing XDC File [D:/miniRV_CTEST_CoreMark_v8/miniRV_lab2_C_TEST0-4_CoreMark_50MHz_v8_MEM_handshake_fixed/miniRV_complete/src/xdc/miniRV_SoC.xdc]
Finished Parsing XDC File [D:/miniRV_CTEST_CoreMark_v8/miniRV_lab2_C_TEST0-4_CoreMark_50MHz_v8_MEM_handshake_fixed/miniRV_complete/src/xdc/miniRV_SoC.xdc]
INFO: [Project 1-236] Implementation specific constraints were found while reading constraint file [D:/miniRV_CTEST_CoreMark_v8/miniRV_lab2_C_TEST0-4_CoreMark_50MHz_v8_MEM_handshake_fixed/miniRV_complete/src/xdc/miniRV_SoC.xdc]. These constraints will be ignored for synthesis but will be used in implementation. Impacted constraints are listed in the file [.Xil/miniRV_SoC_propImpl.xdc].
Resolution: To avoid this warning, move constraints listed in [.Xil/miniRV_SoC_propImpl.xdc] to another XDC file and exclude this new file from synthesis with the used_in_synthesis property (File Properties dialog in GUI) and re-run elaboration/synthesis.
Parsing XDC File [D:/miniRV_CTEST_CoreMark_v8/miniRV_lab2_C_TEST0-4_CoreMark_50MHz_v8_MEM_handshake_fixed/miniRV_complete/src/xdc/clock.xdc]
WARNING: [Constraints 18-619] A clock with name 'fpga_clk' already exists, overwriting the previous clock with the same name. [D:/miniRV_CTEST_CoreMark_v8/miniRV_lab2_C_TEST0-4_CoreMark_50MHz_v8_MEM_handshake_fixed/miniRV_complete/src/xdc/clock.xdc:1]
Finished Parsing XDC File [D:/miniRV_CTEST_CoreMark_v8/miniRV_lab2_C_TEST0-4_CoreMark_50MHz_v8_MEM_handshake_fixed/miniRV_complete/src/xdc/clock.xdc]
Completed Processing XDC Constraints

Netlist sorting complete. Time (s): cpu = 00:00:00 ; elapsed = 00:00:00.001 . Memory (MB): peak = 1588.438 ; gain = 0.000
INFO: [Project 1-111] Unisim Transformation Summary:
No Unisim elements were transformed.

系统找不到指定的路径。
Constraint Validation Runtime : Time (s): cpu = 00:00:00 ; elapsed = 00:00:00.020 . Memory (MB): peak = 1588.438 ; gain = 0.000
---------------------------------------------------------------------------------
Finished Constraint Validation : Time (s): cpu = 00:00:17 ; elapsed = 00:00:18 . Memory (MB): peak = 1588.438 ; gain = 708.723
---------------------------------------------------------------------------------
---------------------------------------------------------------------------------
Start Loading Part and Timing Information
---------------------------------------------------------------------------------
Loading part: xc7a35tcsg324-1
---------------------------------------------------------------------------------
Finished Loading Part and Timing Information : Time (s): cpu = 00:00:17 ; elapsed = 00:00:18 . Memory (MB): peak = 1588.438 ; gain = 708.723
---------------------------------------------------------------------------------
---------------------------------------------------------------------------------
Start Applying 'set_property' XDC Constraints
---------------------------------------------------------------------------------
Applied set_property IO_BUFFER_TYPE = NONE for fpga_clk. (constraint file  d:/miniRV_CTEST_CoreMark_v8/miniRV_lab2_C_TEST0-4_CoreMark_50MHz_v8_MEM_handshake_fixed/miniRV_complete/miniRV.gen/sources_1/ip/clk_wiz_0/clk_wiz_0/clk_wiz_0_in_context.xdc, line 3).
Applied set_property CLOCK_BUFFER_TYPE = NONE for fpga_clk. (constraint file  d:/miniRV_CTEST_CoreMark_v8/miniRV_lab2_C_TEST0-4_CoreMark_50MHz_v8_MEM_handshake_fixed/miniRV_complete/miniRV.gen/sources_1/ip/clk_wiz_0/clk_wiz_0/clk_wiz_0_in_context.xdc, line 4).
Applied set_property KEEP_HIERARCHY = SOFT for U_CLKGEN. (constraint file  auto generated constraint).
---------------------------------------------------------------------------------
Finished applying 'set_property' XDC Constraints : Time (s): cpu = 00:00:17 ; elapsed = 00:00:18 . Memory (MB): peak = 1588.438 ; gain = 708.723
---------------------------------------------------------------------------------
INFO: [Synth 8-802] inferred FSM for state register 'state_reg' in module 'icache'
INFO: [Synth 8-802] inferred FSM for state register 'state_reg' in module 'dcache'
INFO: [Synth 8-802] inferred FSM for state register 'state_reg' in module 'axi_master'
---------------------------------------------------------------------------------------------------
                   State |                     New Encoding |                Previous Encoding 
---------------------------------------------------------------------------------------------------
                 ST_IDLE |                              001 |                               00
                  ST_REQ |                              010 |                               01
                 ST_WAIT |                              100 |                               10
---------------------------------------------------------------------------------------------------
INFO: [Synth 8-3354] encoded FSM with state register 'state_reg' using encoding 'one-hot' in module 'icache'
---------------------------------------------------------------------------------------------------
                   State |                     New Encoding |                Previous Encoding 
---------------------------------------------------------------------------------------------------
                 ST_IDLE |                        000000001 |                             0000
              ST_IO_WREQ |                        000000010 |                             0111
             ST_IO_WWAIT |                        000000100 |                             1000
               ST_WR_REQ |                        000001000 |                             0011
              ST_WR_WAIT |                        000010000 |                             0100
              ST_IO_RREQ |                        000100000 |                             0101
             ST_IO_RWAIT |                        001000000 |                             0110
               ST_RD_REQ |                        010000000 |                             0001
              ST_RD_WAIT |                        100000000 |                             0010
---------------------------------------------------------------------------------------------------
INFO: [Synth 8-3354] encoded FSM with state register 'state_reg' using encoding 'one-hot' in module 'dcache'
---------------------------------------------------------------------------------------------------
                   State |                     New Encoding |                Previous Encoding 
---------------------------------------------------------------------------------------------------
                 ST_IDLE |                            00001 |                              000
                ST_WRITE |                            00100 |                              011
                ST_WRESP |                            00010 |                              100
                ST_RADDR |                            10000 |                              001
                ST_RDATA |                            01000 |                              010
---------------------------------------------------------------------------------------------------
INFO: [Synth 8-3354] encoded FSM with state register 'state_reg' using encoding 'one-hot' in module 'axi_master'
WARNING: [Synth 8-6841] Block RAM (mem0_reg) originally specified as a Byte Wide Write Enable RAM cannot take advantage of ByteWide feature and is implemented with single write enable per RAM due to following reason.
(address width (13) is more than optimal threshold of 12. Implementing using BWWE will require more logic and timing would be suboptimal. Please use attribute ram_decomp = power if BWWE is desired.)
WARNING: [Synth 8-6841] Block RAM (mem1_reg) originally specified as a Byte Wide Write Enable RAM cannot take advantage of ByteWide feature and is implemented with single write enable per RAM due to following reason.
(address width (13) is more than optimal threshold of 12. Implementing using BWWE will require more logic and timing would be suboptimal. Please use attribute ram_decomp = power if BWWE is desired.)
WARNING: [Synth 8-6841] Block RAM (mem2_reg) originally specified as a Byte Wide Write Enable RAM cannot take advantage of ByteWide feature and is implemented with single write enable per RAM due to following reason.
(address width (13) is more than optimal threshold of 12. Implementing using BWWE will require more logic and timing would be suboptimal. Please use attribute ram_decomp = power if BWWE is desired.)
WARNING: [Synth 8-6841] Block RAM (mem3_reg) originally specified as a Byte Wide Write Enable RAM cannot take advantage of ByteWide feature and is implemented with single write enable per RAM due to following reason.
(address width (13) is more than optimal threshold of 12. Implementing using BWWE will require more logic and timing would be suboptimal. Please use attribute ram_decomp = power if BWWE is desired.)
WARNING: [Synth 8-6841] Block RAM (mem4_reg) originally specified as a Byte Wide Write Enable RAM cannot take advantage of ByteWide feature and is implemented with single write enable per RAM due to following reason.
(address width (13) is more than optimal threshold of 12. Implementing using BWWE will require more logic and timing would be suboptimal. Please use attribute ram_decomp = power if BWWE is desired.)
---------------------------------------------------------------------------------
Finished RTL Optimization Phase 2 : Time (s): cpu = 00:00:19 ; elapsed = 00:00:20 . Memory (MB): peak = 1588.438 ; gain = 708.723
---------------------------------------------------------------------------------
---------------------------------------------------------------------------------
Start RTL Component Statistics 
---------------------------------------------------------------------------------
Detailed RTL Component Info : 
+---Adders : 
	   2 Input   66 Bit       Adders := 1     
	   2 Input   64 Bit       Adders := 2     
	   3 Input   33 Bit       Adders := 2     
	   2 Input   32 Bit       Adders := 5     
	   3 Input   32 Bit       Adders := 1     
	   2 Input   18 Bit       Adders := 1     
	   2 Input   16 Bit       Adders := 1     
	   2 Input    9 Bit       Adders := 2     
	   2 Input    8 Bit       Adders := 1     
	   2 Input    6 Bit       Adders := 1     
	   2 Input    5 Bit       Adders := 3     
	   2 Input    4 Bit       Adders := 3     
	   2 Input    2 Bit       Adders := 1     
+---XORs : 
	   2 Input     32 Bit         XORs := 1     
	   2 Input      1 Bit         XORs := 3     
+---Registers : 
	              128 Bit    Registers := 3     
	               66 Bit    Registers := 3     
	               64 Bit    Registers := 4     
	               33 Bit    Registers := 3     
	               32 Bit    Registers := 52    
	               16 Bit    Registers := 2     
	               10 Bit    Registers := 1     
	                9 Bit    Registers := 2     
	                8 Bit    Registers := 5     
	                6 Bit    Registers := 1     
	                5 Bit    Registers := 9     
	                4 Bit    Registers := 7     
	                3 Bit    Registers := 3     
	                2 Bit    Registers := 5     
	                1 Bit    Registers := 176   
+---RAMs : 
	             256K Bit	(8192 X 32 bit)          RAMs := 5     
	              992 Bit	(31 X 32 bit)          RAMs := 1     
+---Muxes : 
	   5 Input  128 Bit        Muxes := 3     
	   2 Input   66 Bit        Muxes := 4     
	   2 Input   64 Bit        Muxes := 4     
	   2 Input   33 Bit        Muxes := 7     
	   2 Input   32 Bit        Muxes := 60    
	   4 Input   32 Bit        Muxes := 6     
	   5 Input   32 Bit        Muxes := 1     
	   3 Input   32 Bit        Muxes := 1     
	   9 Input   32 Bit        Muxes := 1     
	   6 Input   32 Bit        Muxes := 1     
	   8 Input   32 Bit        Muxes := 10    
	   2 Input   16 Bit        Muxes := 5     
	   2 Input   10 Bit        Muxes := 1     
	   9 Input    9 Bit        Muxes := 1     
	   2 Input    9 Bit        Muxes := 9     
	   2 Input    8 Bit        Muxes := 12    
	   2 Input    6 Bit        Muxes := 1     
	  21 Input    5 Bit        Muxes := 1     
	   2 Input    5 Bit        Muxes := 4     
	   5 Input    5 Bit        Muxes := 1     
	   2 Input    4 Bit        Muxes := 13    
	   5 Input    4 Bit        Muxes := 1     
	   3 Input    4 Bit        Muxes := 1     
	   4 Input    4 Bit        Muxes := 1     
	   5 Input    3 Bit        Muxes := 1     
	   6 Input    3 Bit        Muxes := 2     
	   2 Input    3 Bit        Muxes := 1     
	   4 Input    2 Bit        Muxes := 1     
	   2 Input    2 Bit        Muxes := 2     
	   5 Input    2 Bit        Muxes := 1     
	   2 Input    1 Bit        Muxes := 279   
	   3 Input    1 Bit        Muxes := 68    
	   9 Input    1 Bit        Muxes := 71    
	   5 Input    1 Bit        Muxes := 13    
	   6 Input    1 Bit        Muxes := 5     
	   8 Input    1 Bit        Muxes := 5     
---------------------------------------------------------------------------------
Finished RTL Component Statistics 
---------------------------------------------------------------------------------
---------------------------------------------------------------------------------
Start Part Resource Summary
---------------------------------------------------------------------------------
Part Resources:
DSPs: 90 (col length:60)
BRAMs: 100 (col length: RAMB18 60 RAMB36 30)
---------------------------------------------------------------------------------
Finished Part Resource Summary
---------------------------------------------------------------------------------
---------------------------------------------------------------------------------
Start Cross Boundary and Area Optimization
---------------------------------------------------------------------------------
WARNING: [Synth 8-7080] Parallel synthesis criteria is not met
WARNING: [Synth 8-7129] Port m_axi_bresp[1] in module axi_master is either unconnected or has no load
WARNING: [Synth 8-7129] Port m_axi_bresp[0] in module axi_master is either unconnected or has no load
WARNING: [Synth 8-7129] Port m_axi_rresp[1] in module axi_master is either unconnected or has no load
WARNING: [Synth 8-7129] Port m_axi_rresp[0] in module axi_master is either unconnected or has no load
WARNING: [Synth 8-6841] Block RAM (U_MAIN_MEMORY/mem0_reg) originally specified as a Byte Wide Write Enable RAM cannot take advantage of ByteWide feature and is implemented with single write enable per RAM due to following reason.
(address width (13) is more than optimal threshold of 12. Implementing using BWWE will require more logic and timing would be suboptimal. Please use attribute ram_decomp = power if BWWE is desired.)
WARNING: [Synth 8-6841] Block RAM (U_MAIN_MEMORY/mem1_reg) originally specified as a Byte Wide Write Enable RAM cannot take advantage of ByteWide feature and is implemented with single write enable per RAM due to following reason.
(address width (13) is more than optimal threshold of 12. Implementing using BWWE will require more logic and timing would be suboptimal. Please use attribute ram_decomp = power if BWWE is desired.)
WARNING: [Synth 8-6841] Block RAM (U_MAIN_MEMORY/mem2_reg) originally specified as a Byte Wide Write Enable RAM cannot take advantage of ByteWide feature and is implemented with single write enable per RAM due to following reason.
(address width (13) is more than optimal threshold of 12. Implementing using BWWE will require more logic and timing would be suboptimal. Please use attribute ram_decomp = power if BWWE is desired.)
WARNING: [Synth 8-6841] Block RAM (U_MAIN_MEMORY/mem3_reg) originally specified as a Byte Wide Write Enable RAM cannot take advantage of ByteWide feature and is implemented with single write enable per RAM due to following reason.
(address width (13) is more than optimal threshold of 12. Implementing using BWWE will require more logic and timing would be suboptimal. Please use attribute ram_decomp = power if BWWE is desired.)
WARNING: [Synth 8-6841] Block RAM (U_MAIN_MEMORY/mem4_reg) originally specified as a Byte Wide Write Enable RAM cannot take advantage of ByteWide feature and is implemented with single write enable per RAM due to following reason.
(address width (13) is more than optimal threshold of 12. Implementing using BWWE will require more logic and timing would be suboptimal. Please use attribute ram_decomp = power if BWWE is desired.)
---------------------------------------------------------------------------------
Finished Cross Boundary and Area Optimization : Time (s): cpu = 00:00:40 ; elapsed = 00:00:40 . Memory (MB): peak = 1588.438 ; gain = 708.723
---------------------------------------------------------------------------------
---------------------------------------------------------------------------------
Start ROM, RAM, DSP, Shift Register and Retiming Reporting
---------------------------------------------------------------------------------

Block RAM: Preliminary Mapping Report (see note below)
+------------+------------------------+------------------------+---+---+------------------------+---+---+------------------+--------+--------+
|Module Name | RTL Object             | PORT A (Depth x Width) | W | R | PORT B (Depth x Width) | W | R | Ports driving FF | RAMB18 | RAMB36 | 
+------------+------------------------+------------------------+---+---+------------------------+---+---+------------------+--------+--------+
|miniRV_SoC  | U_MAIN_MEMORY/mem0_reg | 8 K x 32(READ_FIRST)   | W |   | 8 K x 32(WRITE_FIRST)  |   | R | Port A and B     | 0      | 8      | 
|miniRV_SoC  | U_MAIN_MEMORY/mem1_reg | 8 K x 32(READ_FIRST)   | W |   | 8 K x 32(WRITE_FIRST)  |   | R | Port A and B     | 0      | 8      | 
|miniRV_SoC  | U_MAIN_MEMORY/mem2_reg | 8 K x 32(READ_FIRST)   | W |   | 8 K x 32(WRITE_FIRST)  |   | R | Port A and B     | 0      | 8      | 
|miniRV_SoC  | U_MAIN_MEMORY/mem3_reg | 8 K x 32(READ_FIRST)   | W |   | 8 K x 32(WRITE_FIRST)  |   | R | Port A and B     | 0      | 8      | 
|miniRV_SoC  | U_MAIN_MEMORY/mem4_reg | 8 K x 32(READ_FIRST)   | W |   | 8 K x 32(WRITE_FIRST)  |   | R | Port A and B     | 0      | 8      | 
+------------+------------------------+------------------------+---+---+------------------------+---+---+------------------+--------+--------+

Note: The table above is a preliminary report that shows the Block RAMs at the current stage of the synthesis flow. Some Block RAMs may be reimplemented as non Block RAM primitives later in the synthesis flow. Multiple instantiated Block RAMs are reported only once. 

Distributed RAM: Preliminary Mapping Report (see note below)
+------------------+--------------------+----------------+----------------------+--------------+
|Module Name       | RTL Object         | Inference      | Size (Depth x Width) | Primitives   | 
+------------------+--------------------+----------------+----------------------+--------------+
|U_cpu/U_core/U_RF | regs_reg           | Implied        | 32 x 32              | RAM32M x 12  | 
|U_cpu             | U_ICACHE/tags_reg  | User Attribute | 64 x 22              | RAM64M x 8   | 
|U_cpu             | U_ICACHE/lines_reg | User Attribute | 64 x 128             | RAM64M x 43  | 
|U_cpu             | U_DCACHE/tags_reg  | User Attribute | 64 x 22              | RAM64M x 8   | 
|U_cpu             | U_DCACHE/lines_reg | User Attribute | 64 x 128             | RAM64M x 43  | 
+------------------+--------------------+----------------+----------------------+--------------+

Note: The table above is a preliminary report that shows the Distributed RAMs at the current stage of the synthesis flow. Some Distributed RAMs may be reimplemented as non Distributed RAM primitives later in the synthesis flow. Multiple instantiated RAMs are reported only once.
---------------------------------------------------------------------------------
Finished ROM, RAM, DSP, Shift Register and Retiming Reporting
---------------------------------------------------------------------------------
---------------------------------------------------------------------------------
Start Applying XDC Timing Constraints
---------------------------------------------------------------------------------
WARNING: [Synth 8-565] redefining clock 'fpga_clk'
---------------------------------------------------------------------------------
Finished Applying XDC Timing Constraints : Time (s): cpu = 00:00:45 ; elapsed = 00:00:46 . Memory (MB): peak = 1588.438 ; gain = 708.723
---------------------------------------------------------------------------------
---------------------------------------------------------------------------------
Start Timing Optimization
---------------------------------------------------------------------------------
---------------------------------------------------------------------------------
Finished Timing Optimization : Time (s): cpu = 00:00:57 ; elapsed = 00:00:58 . Memory (MB): peak = 1616.828 ; gain = 737.113
---------------------------------------------------------------------------------
---------------------------------------------------------------------------------
Start ROM, RAM, DSP, Shift Register and Retiming Reporting
---------------------------------------------------------------------------------

Block RAM: Final Mapping Report
+------------+------------------------+------------------------+---+---+------------------------+---+---+------------------+--------+--------+
|Module Name | RTL Object             | PORT A (Depth x Width) | W | R | PORT B (Depth x Width) | W | R | Ports driving FF | RAMB18 | RAMB36 | 
+------------+------------------------+------------------------+---+---+------------------------+---+---+------------------+--------+--------+
|miniRV_SoC  | U_MAIN_MEMORY/mem0_reg | 8 K x 32(READ_FIRST)   | W |   | 8 K x 32(WRITE_FIRST)  |   | R | Port A and B     | 0      | 8      | 
|miniRV_SoC  | U_MAIN_MEMORY/mem1_reg | 8 K x 32(READ_FIRST)   | W |   | 8 K x 32(WRITE_FIRST)  |   | R | Port A and B     | 0      | 8      | 
|miniRV_SoC  | U_MAIN_MEMORY/mem2_reg | 8 K x 32(READ_FIRST)   | W |   | 8 K x 32(WRITE_FIRST)  |   | R | Port A and B     | 0      | 8      | 
|miniRV_SoC  | U_MAIN_MEMORY/mem3_reg | 8 K x 32(READ_FIRST)   | W |   | 8 K x 32(WRITE_FIRST)  |   | R | Port A and B     | 0      | 8      | 
|miniRV_SoC  | U_MAIN_MEMORY/mem4_reg | 8 K x 32(READ_FIRST)   | W |   | 8 K x 32(WRITE_FIRST)  |   | R | Port A and B     | 0      | 8      | 
+------------+------------------------+------------------------+---+---+------------------------+---+---+------------------+--------+--------+


Distributed RAM: Final Mapping Report
+------------------+--------------------+----------------+----------------------+--------------+
|Module Name       | RTL Object         | Inference      | Size (Depth x Width) | Primitives   | 
+------------------+--------------------+----------------+----------------------+--------------+
|U_cpu/U_core/U_RF | regs_reg           | Implied        | 32 x 32              | RAM32M x 12  | 
|U_cpu             | U_ICACHE/tags_reg  | User Attribute | 64 x 22              | RAM64M x 8   | 
|U_cpu             | U_ICACHE/lines_reg | User Attribute | 64 x 128             | RAM64M x 43  | 
|U_cpu             | U_DCACHE/tags_reg  | User Attribute | 64 x 22              | RAM64M x 8   | 
|U_cpu             | U_DCACHE/lines_reg | User Attribute | 64 x 128             | RAM64M x 43  | 
+------------------+--------------------+----------------+----------------------+--------------+

---------------------------------------------------------------------------------
Finished ROM, RAM, DSP, Shift Register and Retiming Reporting
---------------------------------------------------------------------------------
---------------------------------------------------------------------------------
Start Technology Mapping
---------------------------------------------------------------------------------
RETIMING: forward move fails for register U_cpu/U_core/exmem_valid_reg along load instance i_2502 due to (UNCOMPATIBLE REGISTERS)
RETIMING: forward move fails for register U_cpu/U_core/exmem_rd_reg[4] along load instance i_2499 due to (UNCOMPATIBLE REGISTERS)
RETIMING: forward move fails for register U_cpu/U_core/exmem_rd_reg[3] along load instance i_2499
RETIMING: forward move fails for register U_cpu/U_core/exmem_rd_reg[2] along load instance i_2499
RETIMING: forward move fails for register U_cpu/U_core/exmem_rd_reg[1] along load instance i_2500 due to (UNCOMPATIBLE REGISTERS)
RETIMING: forward move fails for register U_cpu/U_core/exmem_rd_reg[0] along load instance i_2500
RETIMING: forward move fails for register U_cpu/U_core/exmem_rf_we_reg along load instance i_2502
RETIMING: forward move fails for register U_cpu/U_core/idex_rs2_reg[4] along load instance i_2462 due to (UNCOMPATIBLE REGISTERS)
RETIMING: forward move fails for register U_cpu/U_core/idex_rs2_reg[4] along load instance i_2499 due to (UNCOMPATIBLE REGISTERS)
RETIMING: forward move fails for register U_cpu/U_core/idex_rs2_reg[3] along load instance i_2462
RETIMING: forward move fails for register U_cpu/U_core/idex_rs2_reg[3] along load instance i_2499
RETIMING: forward move fails for register U_cpu/U_core/idex_rs2_reg[2] along load instance i_2461 due to (UNCOMPATIBLE REGISTERS)
RETIMING: forward move fails for register U_cpu/U_core/idex_rs2_reg[2] along load instance i_2499 due to (UNCOMPATIBLE REGISTERS)
RETIMING: forward move fails for register U_cpu/U_core/idex_rs2_reg[1] along load instance i_2461
RETIMING: forward move fails for register U_cpu/U_core/idex_rs2_reg[1] along load instance i_2500
RETIMING: forward move fails for register U_cpu/U_core/idex_rs2_reg[0] along load instance i_2461
RETIMING: forward move fails for register U_cpu/U_core/idex_rs2_reg[0] along load instance i_2500
RETIMING: forward move fails for register U_cpu/U_core/exmem_rf_wsel_reg[1] along load instance i_2502
RETIMING: forward move fails for register U_cpu/U_core/exmem_rf_wsel_reg[0] along load instance i_2502
RETIMING: forward move fails for register U_cpu/U_core/exmem_valid_reg along load instance i_2502 due to (UNCOMPATIBLE REGISTERS)
RETIMING: forward move fails for register U_cpu/U_core/exmem_rd_reg[4] along load instance i_2499 due to (UNCOMPATIBLE REGISTERS)
RETIMING: forward move fails for register U_cpu/U_core/exmem_rd_reg[3] along load instance i_2499
RETIMING: forward move fails for register U_cpu/U_core/exmem_rd_reg[2] along load instance i_2499
RETIMING: forward move fails for register U_cpu/U_core/exmem_rd_reg[1] along load instance i_2500 due to (UNCOMPATIBLE REGISTERS)
RETIMING: forward move fails for register U_cpu/U_core/exmem_rd_reg[0] along load instance i_2500
RETIMING: forward move fails for register U_cpu/U_core/memwb_rd_reg[4] along load instance i_2462 due to (UNCOMPATIBLE REGISTERS)
RETIMING: forward move fails for register U_cpu/U_core/memwb_rd_reg[3] along load instance i_2462
RETIMING: forward move fails for register U_cpu/U_core/memwb_rd_reg[2] along load instance i_2461 due to (UNCOMPATIBLE REGISTERS)
RETIMING: forward move fails for register U_cpu/U_core/memwb_rd_reg[1] along load instance i_2461
RETIMING: forward move fails for register U_cpu/U_core/memwb_rd_reg[0] along load instance i_2461
RETIMING: forward move fails for register U_cpu/U_core/exmem_rf_we_reg along load instance i_2502
RETIMING: forward move fails for register U_cpu/U_core/idex_rs2_reg[4] along load instance i_2462
RETIMING: forward move fails for register U_cpu/U_core/idex_rs2_reg[4] along load instance i_2499
RETIMING: forward move fails for register U_cpu/U_core/idex_rs2_reg[3] along load instance i_2462
RETIMING: forward move fails for register U_cpu/U_core/idex_rs2_reg[3] along load instance i_2499
RETIMING: forward move fails for register U_cpu/U_core/idex_rs2_reg[2] along load instance i_2461
RETIMING: forward move fails for register U_cpu/U_core/idex_rs2_reg[2] along load instance i_2499
RETIMING: forward move fails for register U_cpu/U_core/idex_rs2_reg[1] along load instance i_2461
RETIMING: forward move fails for register U_cpu/U_core/idex_rs2_reg[1] along load instance i_2500
RETIMING: forward move fails for register U_cpu/U_core/idex_rs2_reg[0] along load instance i_2461
RETIMING: forward move fails for register U_cpu/U_core/idex_rs2_reg[0] along load instance i_2500
RETIMING: forward move fails for register U_cpu/U_core/exmem_rf_wsel_reg[1] along load instance i_2502
RETIMING: forward move fails for register U_cpu/U_core/exmem_rf_wsel_reg[0] along load instance i_2502
RETIMING: forward move fails for register U_cpu/U_core/exmem_valid_reg along load instance i_2502 due to (UNCOMPATIBLE REGISTERS)
RETIMING: forward move fails for register U_cpu/U_core/exmem_rd_reg[4] along load instance i_2499 due to (UNCOMPATIBLE REGISTERS)
RETIMING: forward move fails for register U_cpu/U_core/exmem_rd_reg[3] along load instance i_2499
RETIMING: forward move fails for register U_cpu/U_core/exmem_rd_reg[2] along load instance i_2499
RETIMING: forward move fails for register U_cpu/U_core/exmem_rd_reg[1] along load instance i_2500 due to (UNCOMPATIBLE REGISTERS)
RETIMING: forward move fails for register U_cpu/U_core/exmem_rd_reg[0] along load instance i_2500
RETIMING: forward move fails for register U_cpu/U_core/memwb_rd_reg[4] along load instance i_2462 due to (UNCOMPATIBLE REGISTERS)
RETIMING: forward move fails for register U_cpu/U_core/memwb_rd_reg[3] along load instance i_2462
RETIMING: forward move fails for register U_cpu/U_core/memwb_rd_reg[2] along load instance i_2461 due to (UNCOMPATIBLE REGISTERS)
RETIMING: forward move fails for register U_cpu/U_core/memwb_rd_reg[1] along load instance i_2461
RETIMING: forward move fails for register U_cpu/U_core/memwb_rd_reg[0] along load instance i_2461
RETIMING: forward move fails for register U_cpu/U_core/exmem_rf_we_reg along load instance i_2502
RETIMING: forward move fails for register U_cpu/U_core/idex_rs2_reg[4] along load instance i_2462
RETIMING: forward move fails for register U_cpu/U_core/idex_rs2_reg[4] along load instance i_2499
RETIMING: forward move fails for register U_cpu/U_core/idex_rs2_reg[3] along load instance i_2462
RETIMING: forward move fails for register U_cpu/U_core/idex_rs2_reg[3] along load instance i_2499
RETIMING: forward move fails for register U_cpu/U_core/idex_rs2_reg[2] along load instance i_2461
RETIMING: forward move fails for register U_cpu/U_core/idex_rs2_reg[2] along load instance i_2499
RETIMING: forward move fails for register U_cpu/U_core/idex_rs2_reg[1] along load instance i_2461
RETIMING: forward move fails for register U_cpu/U_core/idex_rs2_reg[1] along load instance i_2500
RETIMING: forward move fails for register U_cpu/U_core/idex_rs2_reg[0] along load instance i_2461
RETIMING: forward move fails for register U_cpu/U_core/idex_rs2_reg[0] along load instance i_2500
RETIMING: forward move fails for register U_cpu/U_core/exmem_rf_wsel_reg[1] along load instance i_2502
RETIMING: forward move fails for register U_cpu/U_core/exmem_rf_wsel_reg[0] along load instance i_2502
INFO: [Synth 8-5816] Retiming module `miniRV_SoC`
	Numbers of forward move = 2, and backward move = 100

	Retimed registers names:
		U_cpu/U_ICACHE/FSM_onehot_state_reg[0]_bret
		U_cpu/U_ICACHE/FSM_onehot_state_reg[0]_bret__0
		U_cpu/U_ICACHE/FSM_onehot_state_reg[0]_bret__1
		U_cpu/U_ICACHE/FSM_onehot_state_reg[0]_bret__2
		U_cpu/U_ICACHE/FSM_onehot_state_reg[0]_bret__3
		U_cpu/U_ICACHE/FSM_onehot_state_reg[0]_bret__4
		U_cpu/U_ICACHE/FSM_onehot_state_reg[1]_bret
		U_cpu/U_ICACHE/FSM_onehot_state_reg[1]_bret__0
		U_cpu/U_ICACHE/FSM_onehot_state_reg[1]_bret__1
		U_cpu/U_ICACHE/FSM_onehot_state_reg[1]_bret__2
		U_cpu/U_ICACHE/FSM_onehot_state_reg[1]_bret__3
		U_cpu/U_ICACHE/FSM_onehot_state_reg[1]_bret__4
		U_cpu/U_ICACHE/FSM_onehot_state_reg[2]_bret
		U_cpu/U_ICACHE/FSM_onehot_state_reg[2]_bret__0
		U_cpu/U_ICACHE/FSM_onehot_state_reg[2]_bret__1
		U_cpu/U_ICACHE/FSM_onehot_state_reg[2]_bret__2
		U_cpu/U_ICACHE/FSM_onehot_state_reg[2]_bret__3
		U_cpu/U_ICACHE/FSM_onehot_state_reg[2]_bret__4
		U_cpu/U_ICACHE/cpu_data_reg[0]_bret
		U_cpu/U_ICACHE/cpu_data_reg[0]_bret__0_bret
		U_cpu/U_ICACHE/cpu_data_reg[0]_bret__0_bret__0
		U_cpu/U_ICACHE/cpu_data_reg[0]_bret__0_bret__1
		U_cpu/U_ICACHE/cpu_data_reg[0]_bret__0_bret__2
		U_cpu/U_ICACHE/cpu_data_reg[0]_bret__0_bret__3
		U_cpu/U_ICACHE/cpu_data_reg[0]_bret__0_bret__4
		U_cpu/U_ICACHE/cpu_data_reg[0]_bret__1
		U_cpu/U_ICACHE/cpu_data_reg[0]_bret__2
		U_cpu/U_ICACHE/cpu_data_reg[0]_bret__3_bret
		U_cpu/U_ICACHE/cpu_data_reg[0]_bret__3_bret__0
		U_cpu/U_ICACHE/cpu_data_reg[0]_bret__3_bret__1
		U_cpu/U_ICACHE/cpu_data_reg[0]_bret__3_bret__2
		U_cpu/U_ICACHE/cpu_data_reg[0]_bret__3_bret__3
		U_cpu/U_ICACHE/cpu_data_reg[0]_bret__3_bret__4
		U_cpu/U_ICACHE/cpu_data_reg[10]_bret
		U_cpu/U_ICACHE/cpu_data_reg[10]_bret__0_bret
		U_cpu/U_ICACHE/cpu_data_reg[10]_bret__0_bret__0
		U_cpu/U_ICACHE/cpu_data_reg[10]_bret__0_bret__1
		U_cpu/U_ICACHE/cpu_data_reg[10]_bret__0_bret__2
		U_cpu/U_ICACHE/cpu_data_reg[10]_bret__0_bret__3
		U_cpu/U_ICACHE/cpu_data_reg[10]_bret__0_bret__4
		U_cpu/U_ICACHE/cpu_data_reg[10]_bret__1
		U_cpu/U_ICACHE/cpu_data_reg[10]_bret__2
		U_cpu/U_ICACHE/cpu_data_reg[10]_bret__3_bret
		U_cpu/U_ICACHE/cpu_data_reg[10]_bret__3_bret__0
		U_cpu/U_ICACHE/cpu_data_reg[10]_bret__3_bret__1
		U_cpu/U_ICACHE/cpu_data_reg[10]_bret__3_bret__2
		U_cpu/U_ICACHE/cpu_data_reg[10]_bret__3_bret__3
		U_cpu/U_ICACHE/cpu_data_reg[10]_bret__3_bret__4
		U_cpu/U_ICACHE/cpu_data_reg[11]_bret
		U_cpu/U_ICACHE/cpu_data_reg[11]_bret__0_bret
		U_cpu/U_ICACHE/cpu_data_reg[11]_bret__0_bret__0
		U_cpu/U_ICACHE/cpu_data_reg[11]_bret__0_bret__1
		U_cpu/U_ICACHE/cpu_data_reg[11]_bret__0_bret__2
		U_cpu/U_ICACHE/cpu_data_reg[11]_bret__0_bret__3
		U_cpu/U_ICACHE/cpu_data_reg[11]_bret__0_bret__4
		U_cpu/U_ICACHE/cpu_data_reg[11]_bret__1
		U_cpu/U_ICACHE/cpu_data_reg[11]_bret__2
		U_cpu/U_ICACHE/cpu_data_reg[11]_bret__3_bret
		U_cpu/U_ICACHE/cpu_data_reg[11]_bret__3_bret__0
		U_cpu/U_ICACHE/cpu_data_reg[11]_bret__3_bret__1
		U_cpu/U_ICACHE/cpu_data_reg[11]_bret__3_bret__2
		U_cpu/U_ICACHE/cpu_data_reg[11]_bret__3_bret__3
		U_cpu/U_ICACHE/cpu_data_reg[11]_bret__3_bret__4
		U_cpu/U_ICACHE/cpu_data_reg[12]_bret
		U_cpu/U_ICACHE/cpu_data_reg[12]_bret__0_bret
		U_cpu/U_ICACHE/cpu_data_reg[12]_bret__0_bret__0
		U_cpu/U_ICACHE/cpu_data_reg[12]_bret__0_bret__1
		U_cpu/U_ICACHE/cpu_data_reg[12]_bret__0_bret__2
		U_cpu/U_ICACHE/cpu_data_reg[12]_bret__0_bret__3
		U_cpu/U_ICACHE/cpu_data_reg[12]_bret__0_bret__4
		U_cpu/U_ICACHE/cpu_data_reg[12]_bret__1
		U_cpu/U_ICACHE/cpu_data_reg[12]_bret__2
		U_cpu/U_ICACHE/cpu_data_reg[12]_bret__3_bret
		U_cpu/U_ICACHE/cpu_data_reg[12]_bret__3_bret__0
		U_cpu/U_ICACHE/cpu_data_reg[12]_bret__3_bret__1
		U_cpu/U_ICACHE/cpu_data_reg[12]_bret__3_bret__2
		U_cpu/U_ICACHE/cpu_data_reg[12]_bret__3_bret__3
		U_cpu/U_ICACHE/cpu_data_reg[12]_bret__3_bret__4
		U_cpu/U_ICACHE/cpu_data_reg[13]_bret
		U_cpu/U_ICACHE/cpu_data_reg[13]_bret__0_bret
		U_cpu/U_ICACHE/cpu_data_reg[13]_bret__0_bret__0
		U_cpu/U_ICACHE/cpu_data_reg[13]_bret__0_bret__1
		U_cpu/U_ICACHE/cpu_data_reg[13]_bret__0_bret__2
		U_cpu/U_ICACHE/cpu_data_reg[13]_bret__0_bret__3
		U_cpu/U_ICACHE/cpu_data_reg[13]_bret__0_bret__4
		U_cpu/U_ICACHE/cpu_data_reg[13]_bret__1
		U_cpu/U_ICACHE/cpu_data_reg[13]_bret__2
		U_cpu/U_ICACHE/cpu_data_reg[13]_bret__3_bret
		U_cpu/U_ICACHE/cpu_data_reg[13]_bret__3_bret__0
		U_cpu/U_ICACHE/cpu_data_reg[13]_bret__3_bret__1
		U_cpu/U_ICACHE/cpu_data_reg[13]_bret__3_bret__2
		U_cpu/U_ICACHE/cpu_data_reg[13]_bret__3_bret__3
		U_cpu/U_ICACHE/cpu_data_reg[13]_bret__3_bret__4
		U_cpu/U_ICACHE/cpu_data_reg[14]_bret
		U_cpu/U_ICACHE/cpu_data_reg[14]_bret__0_bret
		U_cpu/U_ICACHE/cpu_data_reg[14]_bret__0_bret__0
		U_cpu/U_ICACHE/cpu_data_reg[14]_bret__0_bret__1
		U_cpu/U_ICACHE/cpu_data_reg[14]_bret__0_bret__2
		U_cpu/U_ICACHE/cpu_data_reg[14]_bret__0_bret__3
		U_cpu/U_ICACHE/cpu_data_reg[14]_bret__0_bret__4
		U_cpu/U_ICACHE/cpu_data_reg[14]_bret__1
		U_cpu/U_ICACHE/cpu_data_reg[14]_bret__2
		U_cpu/U_ICACHE/cpu_data_reg[14]_bret__3_bret
		U_cpu/U_ICACHE/cpu_data_reg[14]_bret__3_bret__0
		U_cpu/U_ICACHE/cpu_data_reg[14]_bret__3_bret__1
		U_cpu/U_ICACHE/cpu_data_reg[14]_bret__3_bret__2
		U_cpu/U_ICACHE/cpu_data_reg[14]_bret__3_bret__3
		U_cpu/U_ICACHE/cpu_data_reg[14]_bret__3_bret__4
		U_cpu/U_ICACHE/cpu_data_reg[15]_bret
		U_cpu/U_ICACHE/cpu_data_reg[15]_bret__0_bret
		U_cpu/U_ICACHE/cpu_data_reg[15]_bret__0_bret__0
		U_cpu/U_ICACHE/cpu_data_reg[15]_bret__0_bret__1
		U_cpu/U_ICACHE/cpu_data_reg[15]_bret__0_bret__2
		U_cpu/U_ICACHE/cpu_data_reg[15]_bret__0_bret__3
		U_cpu/U_ICACHE/cpu_data_reg[15]_bret__0_bret__4
		U_cpu/U_ICACHE/cpu_data_reg[15]_bret__1
		U_cpu/U_ICACHE/cpu_data_reg[15]_bret__2
		U_cpu/U_ICACHE/cpu_data_reg[15]_bret__3_bret
		U_cpu/U_ICACHE/cpu_data_reg[15]_bret__3_bret__0
		U_cpu/U_ICACHE/cpu_data_reg[15]_bret__3_bret__1
		U_cpu/U_ICACHE/cpu_data_reg[15]_bret__3_bret__2
		U_cpu/U_ICACHE/cpu_data_reg[15]_bret__3_bret__3
		U_cpu/U_ICACHE/cpu_data_reg[15]_bret__3_bret__4
		U_cpu/U_ICACHE/cpu_data_reg[16]_bret
		U_cpu/U_ICACHE/cpu_data_reg[16]_bret__0_bret
		U_cpu/U_ICACHE/cpu_data_reg[16]_bret__0_bret__0
		U_cpu/U_ICACHE/cpu_data_reg[16]_bret__0_bret__1
		U_cpu/U_ICACHE/cpu_data_reg[16]_bret__0_bret__2
		U_cpu/U_ICACHE/cpu_data_reg[16]_bret__0_bret__3
		U_cpu/U_ICACHE/cpu_data_reg[16]_bret__0_bret__4
		U_cpu/U_ICACHE/cpu_data_reg[16]_bret__1
		U_cpu/U_ICACHE/cpu_data_reg[16]_bret__2
		U_cpu/U_ICACHE/cpu_data_reg[16]_bret__3_bret
		U_cpu/U_ICACHE/cpu_data_reg[16]_bret__3_bret__0
		U_cpu/U_ICACHE/cpu_data_reg[16]_bret__3_bret__1
		U_cpu/U_ICACHE/cpu_data_reg[16]_bret__3_bret__2
		U_cpu/U_ICACHE/cpu_data_reg[16]_bret__3_bret__3
		U_cpu/U_ICACHE/cpu_data_reg[16]_bret__3_bret__4
		U_cpu/U_ICACHE/cpu_data_reg[17]_bret
		U_cpu/U_ICACHE/cpu_data_reg[17]_bret__0_bret
		U_cpu/U_ICACHE/cpu_data_reg[17]_bret__0_bret__0
		U_cpu/U_ICACHE/cpu_data_reg[17]_bret__0_bret__1
		U_cpu/U_ICACHE/cpu_data_reg[17]_bret__0_bret__2
		U_cpu/U_ICACHE/cpu_data_reg[17]_bret__0_bret__3
		U_cpu/U_ICACHE/cpu_data_reg[17]_bret__0_bret__4
		U_cpu/U_ICACHE/cpu_data_reg[17]_bret__1
		U_cpu/U_ICACHE/cpu_data_reg[17]_bret__2
		U_cpu/U_ICACHE/cpu_data_reg[17]_bret__3_bret
		U_cpu/U_ICACHE/cpu_data_reg[17]_bret__3_bret__0
		U_cpu/U_ICACHE/cpu_data_reg[17]_bret__3_bret__1
		U_cpu/U_ICACHE/cpu_data_reg[17]_bret__3_bret__2
		U_cpu/U_ICACHE/cpu_data_reg[17]_bret__3_bret__3
		U_cpu/U_ICACHE/cpu_data_reg[17]_bret__3_bret__4
		U_cpu/U_ICACHE/cpu_data_reg[18]_bret
		U_cpu/U_ICACHE/cpu_data_reg[18]_bret__0_bret
		U_cpu/U_ICACHE/cpu_data_reg[18]_bret__0_bret__0
		U_cpu/U_ICACHE/cpu_data_reg[18]_bret__0_bret__1
		U_cpu/U_ICACHE/cpu_data_reg[18]_bret__0_bret__2
		U_cpu/U_ICACHE/cpu_data_reg[18]_bret__0_bret__3
		U_cpu/U_ICACHE/cpu_data_reg[18]_bret__0_bret__4
		U_cpu/U_ICACHE/cpu_data_reg[18]_bret__1
		U_cpu/U_ICACHE/cpu_data_reg[18]_bret__2
		U_cpu/U_ICACHE/cpu_data_reg[18]_bret__3_bret
		U_cpu/U_ICACHE/cpu_data_reg[18]_bret__3_bret__0
		U_cpu/U_ICACHE/cpu_data_reg[18]_bret__3_bret__1
		U_cpu/U_ICACHE/cpu_data_reg[18]_bret__3_bret__2
		U_cpu/U_ICACHE/cpu_data_reg[18]_bret__3_bret__3
		U_cpu/U_ICACHE/cpu_data_reg[18]_bret__3_bret__4
		U_cpu/U_ICACHE/cpu_data_reg[19]_bret
		U_cpu/U_ICACHE/cpu_data_reg[19]_bret__0_bret
		U_cpu/U_ICACHE/cpu_data_reg[19]_bret__0_bret__0
		U_cpu/U_ICACHE/cpu_data_reg[19]_bret__0_bret__1
		U_cpu/U_ICACHE/cpu_data_reg[19]_bret__0_bret__2
		U_cpu/U_ICACHE/cpu_data_reg[19]_bret__0_bret__3
		U_cpu/U_ICACHE/cpu_data_reg[19]_bret__0_bret__4
		U_cpu/U_ICACHE/cpu_data_reg[19]_bret__1
		U_cpu/U_ICACHE/cpu_data_reg[19]_bret__2
		U_cpu/U_ICACHE/cpu_data_reg[19]_bret__3_bret
		U_cpu/U_ICACHE/cpu_data_reg[19]_bret__3_bret__0
		U_cpu/U_ICACHE/cpu_data_reg[19]_bret__3_bret__1
		U_cpu/U_ICACHE/cpu_data_reg[19]_bret__3_bret__2
		U_cpu/U_ICACHE/cpu_data_reg[19]_bret__3_bret__3
		U_cpu/U_ICACHE/cpu_data_reg[19]_bret__3_bret__4
		U_cpu/U_ICACHE/cpu_data_reg[1]_bret
		U_cpu/U_ICACHE/cpu_data_reg[1]_bret__0_bret
		U_cpu/U_ICACHE/cpu_data_reg[1]_bret__0_bret__0
		U_cpu/U_ICACHE/cpu_data_reg[1]_bret__0_bret__1
		U_cpu/U_ICACHE/cpu_data_reg[1]_bret__0_bret__2
		U_cpu/U_ICACHE/cpu_data_reg[1]_bret__0_bret__3
		U_cpu/U_ICACHE/cpu_data_reg[1]_bret__0_bret__4
		U_cpu/U_ICACHE/cpu_data_reg[1]_bret__1
		U_cpu/U_ICACHE/cpu_data_reg[1]_bret__2
		U_cpu/U_ICACHE/cpu_data_reg[1]_bret__3_bret
		U_cpu/U_ICACHE/cpu_data_reg[1]_bret__3_bret__0
		U_cpu/U_ICACHE/cpu_data_reg[1]_bret__3_bret__1
		U_cpu/U_ICACHE/cpu_data_reg[1]_bret__3_bret__2
		U_cpu/U_ICACHE/cpu_data_reg[1]_bret__3_bret__3
		U_cpu/U_ICACHE/cpu_data_reg[1]_bret__3_bret__4
		U_cpu/U_ICACHE/cpu_data_reg[20]_bret
		U_cpu/U_ICACHE/cpu_data_reg[20]_bret__0_bret
		U_cpu/U_ICACHE/cpu_data_reg[20]_bret__0_bret__0
		U_cpu/U_ICACHE/cpu_data_reg[20]_bret__0_bret__1
		U_cpu/U_ICACHE/cpu_data_reg[20]_bret__0_bret__2
		U_cpu/U_ICACHE/cpu_data_reg[20]_bret__0_bret__3
		U_cpu/U_ICACHE/cpu_data_reg[20]_bret__0_bret__4
		U_cpu/U_ICACHE/cpu_data_reg[20]_bret__1
		U_cpu/U_ICACHE/cpu_data_reg[20]_bret__2
		U_cpu/U_ICACHE/cpu_data_reg[20]_bret__3_bret
		U_cpu/U_ICACHE/cpu_data_reg[20]_bret__3_bret__0
		U_cpu/U_ICACHE/cpu_data_reg[20]_bret__3_bret__1
		U_cpu/U_ICACHE/cpu_data_reg[20]_bret__3_bret__2
		U_cpu/U_ICACHE/cpu_data_reg[20]_bret__3_bret__3
		U_cpu/U_ICACHE/cpu_data_reg[20]_bret__3_bret__4
		U_cpu/U_ICACHE/cpu_data_reg[21]_bret
		U_cpu/U_ICACHE/cpu_data_reg[21]_bret__0_bret
		U_cpu/U_ICACHE/cpu_data_reg[21]_bret__0_bret__0
		U_cpu/U_ICACHE/cpu_data_reg[21]_bret__0_bret__1
		U_cpu/U_ICACHE/cpu_data_reg[21]_bret__0_bret__2
		U_cpu/U_ICACHE/cpu_data_reg[21]_bret__0_bret__3
		U_cpu/U_ICACHE/cpu_data_reg[21]_bret__0_bret__4
		U_cpu/U_ICACHE/cpu_data_reg[21]_bret__1
		U_cpu/U_ICACHE/cpu_data_reg[21]_bret__2
		U_cpu/U_ICACHE/cpu_data_reg[21]_bret__3_bret
		U_cpu/U_ICACHE/cpu_data_reg[21]_bret__3_bret__0
		U_cpu/U_ICACHE/cpu_data_reg[21]_bret__3_bret__1
		U_cpu/U_ICACHE/cpu_data_reg[21]_bret__3_bret__2
		U_cpu/U_ICACHE/cpu_data_reg[21]_bret__3_bret__3
		U_cpu/U_ICACHE/cpu_data_reg[21]_bret__3_bret__4
		U_cpu/U_ICACHE/cpu_data_reg[22]_bret
		U_cpu/U_ICACHE/cpu_data_reg[22]_bret__0_bret
		U_cpu/U_ICACHE/cpu_data_reg[22]_bret__0_bret__0
		U_cpu/U_ICACHE/cpu_data_reg[22]_bret__0_bret__1
		U_cpu/U_ICACHE/cpu_data_reg[22]_bret__0_bret__2
		U_cpu/U_ICACHE/cpu_data_reg[22]_bret__0_bret__3
		U_cpu/U_ICACHE/cpu_data_reg[22]_bret__0_bret__4
		U_cpu/U_ICACHE/cpu_data_reg[22]_bret__1
		U_cpu/U_ICACHE/cpu_data_reg[22]_bret__2
		U_cpu/U_ICACHE/cpu_data_reg[22]_bret__3_bret
		U_cpu/U_ICACHE/cpu_data_reg[22]_bret__3_bret__0
		U_cpu/U_ICACHE/cpu_data_reg[22]_bret__3_bret__1
		U_cpu/U_ICACHE/cpu_data_reg[22]_bret__3_bret__2
		U_cpu/U_ICACHE/cpu_data_reg[22]_bret__3_bret__3
		U_cpu/U_ICACHE/cpu_data_reg[22]_bret__3_bret__4
		U_cpu/U_ICACHE/cpu_data_reg[23]_bret
		U_cpu/U_ICACHE/cpu_data_reg[23]_bret__0_bret
		U_cpu/U_ICACHE/cpu_data_reg[23]_bret__0_bret__0
		U_cpu/U_ICACHE/cpu_data_reg[23]_bret__0_bret__1
		U_cpu/U_ICACHE/cpu_data_reg[23]_bret__0_bret__2
		U_cpu/U_ICACHE/cpu_data_reg[23]_bret__0_bret__3
		U_cpu/U_ICACHE/cpu_data_reg[23]_bret__0_bret__4
		U_cpu/U_ICACHE/cpu_data_reg[23]_bret__1
		U_cpu/U_ICACHE/cpu_data_reg[23]_bret__2
		U_cpu/U_ICACHE/cpu_data_reg[23]_bret__3_bret
		U_cpu/U_ICACHE/cpu_data_reg[23]_bret__3_bret__0
		U_cpu/U_ICACHE/cpu_data_reg[23]_bret__3_bret__1
		U_cpu/U_ICACHE/cpu_data_reg[23]_bret__3_bret__2
		U_cpu/U_ICACHE/cpu_data_reg[23]_bret__3_bret__3
		U_cpu/U_ICACHE/cpu_data_reg[23]_bret__3_bret__4
		U_cpu/U_ICACHE/cpu_data_reg[24]_bret
		U_cpu/U_ICACHE/cpu_data_reg[24]_bret__0_bret
		U_cpu/U_ICACHE/cpu_data_reg[24]_bret__0_bret__0
		U_cpu/U_ICACHE/cpu_data_reg[24]_bret__0_bret__1
		U_cpu/U_ICACHE/cpu_data_reg[24]_bret__0_bret__2
		U_cpu/U_ICACHE/cpu_data_reg[24]_bret__0_bret__3
		U_cpu/U_ICACHE/cpu_data_reg[24]_bret__0_bret__4
		U_cpu/U_ICACHE/cpu_data_reg[24]_bret__1
		U_cpu/U_ICACHE/cpu_data_reg[24]_bret__2
		U_cpu/U_ICACHE/cpu_data_reg[24]_bret__3_bret
		U_cpu/U_ICACHE/cpu_data_reg[24]_bret__3_bret__0
		U_cpu/U_ICACHE/cpu_data_reg[24]_bret__3_bret__1
		U_cpu/U_ICACHE/cpu_data_reg[24]_bret__3_bret__2
		U_cpu/U_ICACHE/cpu_data_reg[24]_bret__3_bret__3
		U_cpu/U_ICACHE/cpu_data_reg[24]_bret__3_bret__4
		U_cpu/U_ICACHE/cpu_data_reg[25]_bret
		U_cpu/U_ICACHE/cpu_data_reg[25]_bret__0_bret
		U_cpu/U_ICACHE/cpu_data_reg[25]_bret__0_bret__0
		U_cpu/U_ICACHE/cpu_data_reg[25]_bret__0_bret__1
		U_cpu/U_ICACHE/cpu_data_reg[25]_bret__0_bret__2
		U_cpu/U_ICACHE/cpu_data_reg[25]_bret__0_bret__3
		U_cpu/U_ICACHE/cpu_data_reg[25]_bret__0_bret__4
		U_cpu/U_ICACHE/cpu_data_reg[25]_bret__1
		U_cpu/U_ICACHE/cpu_data_reg[25]_bret__2
		U_cpu/U_ICACHE/cpu_data_reg[25]_bret__3_bret
		U_cpu/U_ICACHE/cpu_data_reg[25]_bret__3_bret__0
		U_cpu/U_ICACHE/cpu_data_reg[25]_bret__3_bret__1
		U_cpu/U_ICACHE/cpu_data_reg[25]_bret__3_bret__2
		U_cpu/U_ICACHE/cpu_data_reg[25]_bret__3_bret__3
		U_cpu/U_ICACHE/cpu_data_reg[25]_bret__3_bret__4
		U_cpu/U_ICACHE/cpu_data_reg[26]_bret
		U_cpu/U_ICACHE/cpu_data_reg[26]_bret__0_bret
		U_cpu/U_ICACHE/cpu_data_reg[26]_bret__0_bret__0
		U_cpu/U_ICACHE/cpu_data_reg[26]_bret__0_bret__1
		U_cpu/U_ICACHE/cpu_data_reg[26]_bret__0_bret__2
		U_cpu/U_ICACHE/cpu_data_reg[26]_bret__0_bret__3
		U_cpu/U_ICACHE/cpu_data_reg[26]_bret__0_bret__4
		U_cpu/U_ICACHE/cpu_data_reg[26]_bret__1
		U_cpu/U_ICACHE/cpu_data_reg[26]_bret__2
		U_cpu/U_ICACHE/cpu_data_reg[26]_bret__3_bret
		U_cpu/U_ICACHE/cpu_data_reg[26]_bret__3_bret__0
		U_cpu/U_ICACHE/cpu_data_reg[26]_bret__3_bret__1
		U_cpu/U_ICACHE/cpu_data_reg[26]_bret__3_bret__2
		U_cpu/U_ICACHE/cpu_data_reg[26]_bret__3_bret__3
		U_cpu/U_ICACHE/cpu_data_reg[26]_bret__3_bret__4
		U_cpu/U_ICACHE/cpu_data_reg[27]_bret
		U_cpu/U_ICACHE/cpu_data_reg[27]_bret__0_bret
		U_cpu/U_ICACHE/cpu_data_reg[27]_bret__0_bret__0
		U_cpu/U_ICACHE/cpu_data_reg[27]_bret__0_bret__1
		U_cpu/U_ICACHE/cpu_data_reg[27]_bret__0_bret__2
		U_cpu/U_ICACHE/cpu_data_reg[27]_bret__0_bret__3
		U_cpu/U_ICACHE/cpu_data_reg[27]_bret__0_bret__4
		U_cpu/U_ICACHE/cpu_data_reg[27]_bret__1
		U_cpu/U_ICACHE/cpu_data_reg[27]_bret__2
		U_cpu/U_ICACHE/cpu_data_reg[27]_bret__3_bret
		U_cpu/U_ICACHE/cpu_data_reg[27]_bret__3_bret__0
		U_cpu/U_ICACHE/cpu_data_reg[27]_bret__3_bret__1
		U_cpu/U_ICACHE/cpu_data_reg[27]_bret__3_bret__2
		U_cpu/U_ICACHE/cpu_data_reg[27]_bret__3_bret__3
		U_cpu/U_ICACHE/cpu_data_reg[27]_bret__3_bret__4
		U_cpu/U_ICACHE/cpu_data_reg[28]_bret
		U_cpu/U_ICACHE/cpu_data_reg[28]_bret__0_bret
		U_cpu/U_ICACHE/cpu_data_reg[28]_bret__0_bret__0
		U_cpu/U_ICACHE/cpu_data_reg[28]_bret__0_bret__1
		U_cpu/U_ICACHE/cpu_data_reg[28]_bret__0_bret__2
		U_cpu/U_ICACHE/cpu_data_reg[28]_bret__0_bret__3
		U_cpu/U_ICACHE/cpu_data_reg[28]_bret__0_bret__4
		U_cpu/U_ICACHE/cpu_data_reg[28]_bret__1
		U_cpu/U_ICACHE/cpu_data_reg[28]_bret__2
		U_cpu/U_ICACHE/cpu_data_reg[28]_bret__3_bret
		U_cpu/U_ICACHE/cpu_data_reg[28]_bret__3_bret__0
		U_cpu/U_ICACHE/cpu_data_reg[28]_bret__3_bret__1
		U_cpu/U_ICACHE/cpu_data_reg[28]_bret__3_bret__2
		U_cpu/U_ICACHE/cpu_data_reg[28]_bret__3_bret__3
		U_cpu/U_ICACHE/cpu_data_reg[28]_bret__3_bret__4
		U_cpu/U_ICACHE/cpu_data_reg[29]_bret
		U_cpu/U_ICACHE/cpu_data_reg[29]_bret__0_bret
		U_cpu/U_ICACHE/cpu_data_reg[29]_bret__0_bret__0
		U_cpu/U_ICACHE/cpu_data_reg[29]_bret__0_bret__1
		U_cpu/U_ICACHE/cpu_data_reg[29]_bret__0_bret__2
		U_cpu/U_ICACHE/cpu_data_reg[29]_bret__0_bret__3
		U_cpu/U_ICACHE/cpu_data_reg[29]_bret__0_bret__4
		U_cpu/U_ICACHE/cpu_data_reg[29]_bret__1
		U_cpu/U_ICACHE/cpu_data_reg[29]_bret__2
		U_cpu/U_ICACHE/cpu_data_reg[29]_bret__3_bret
		U_cpu/U_ICACHE/cpu_data_reg[29]_bret__3_bret__0
		U_cpu/U_ICACHE/cpu_data_reg[29]_bret__3_bret__1
		U_cpu/U_ICACHE/cpu_data_reg[29]_bret__3_bret__2
		U_cpu/U_ICACHE/cpu_data_reg[29]_bret__3_bret__3
		U_cpu/U_ICACHE/cpu_data_reg[29]_bret__3_bret__4
		U_cpu/U_ICACHE/cpu_data_reg[2]_bret
		U_cpu/U_ICACHE/cpu_data_reg[2]_bret__0_bret
		U_cpu/U_ICACHE/cpu_data_reg[2]_bret__0_bret__0
		U_cpu/U_ICACHE/cpu_data_reg[2]_bret__0_bret__1
		U_cpu/U_ICACHE/cpu_data_reg[2]_bret__0_bret__2
		U_cpu/U_ICACHE/cpu_data_reg[2]_bret__0_bret__3
		U_cpu/U_ICACHE/cpu_data_reg[2]_bret__0_bret__4
		U_cpu/U_ICACHE/cpu_data_reg[2]_bret__1
		U_cpu/U_ICACHE/cpu_data_reg[2]_bret__2
		U_cpu/U_ICACHE/cpu_data_reg[2]_bret__3_bret
		U_cpu/U_ICACHE/cpu_data_reg[2]_bret__3_bret__0
		U_cpu/U_ICACHE/cpu_data_reg[2]_bret__3_bret__1
		U_cpu/U_ICACHE/cpu_data_reg[2]_bret__3_bret__2
		U_cpu/U_ICACHE/cpu_data_reg[2]_bret__3_bret__3
		U_cpu/U_ICACHE/cpu_data_reg[2]_bret__3_bret__4
		U_cpu/U_ICACHE/cpu_data_reg[30]_bret
		U_cpu/U_ICACHE/cpu_data_reg[30]_bret__0_bret
		U_cpu/U_ICACHE/cpu_data_reg[30]_bret__0_bret__0
		U_cpu/U_ICACHE/cpu_data_reg[30]_bret__0_bret__1
		U_cpu/U_ICACHE/cpu_data_reg[30]_bret__0_bret__2
		U_cpu/U_ICACHE/cpu_data_reg[30]_bret__0_bret__3
		U_cpu/U_ICACHE/cpu_data_reg[30]_bret__0_bret__4
		U_cpu/U_ICACHE/cpu_data_reg[30]_bret__1
		U_cpu/U_ICACHE/cpu_data_reg[30]_bret__2
		U_cpu/U_ICACHE/cpu_data_reg[30]_bret__3_bret
		U_cpu/U_ICACHE/cpu_data_reg[30]_bret__3_bret__0
		U_cpu/U_ICACHE/cpu_data_reg[30]_bret__3_bret__1
		U_cpu/U_ICACHE/cpu_data_reg[30]_bret__3_bret__2
		U_cpu/U_ICACHE/cpu_data_reg[30]_bret__3_bret__3
		U_cpu/U_ICACHE/cpu_data_reg[30]_bret__3_bret__4
		U_cpu/U_ICACHE/cpu_data_reg[31]_bret
		U_cpu/U_ICACHE/cpu_data_reg[31]_bret__0_bret
		U_cpu/U_ICACHE/cpu_data_reg[31]_bret__0_bret__0
		U_cpu/U_ICACHE/cpu_data_reg[31]_bret__0_bret__1
		U_cpu/U_ICACHE/cpu_data_reg[31]_bret__0_bret__2
		U_cpu/U_ICACHE/cpu_data_reg[31]_bret__0_bret__3
		U_cpu/U_ICACHE/cpu_data_reg[31]_bret__0_bret__4
		U_cpu/U_ICACHE/cpu_data_reg[31]_bret__1
		U_cpu/U_ICACHE/cpu_data_reg[31]_bret__2
		U_cpu/U_ICACHE/cpu_data_reg[31]_bret__3_bret
		U_cpu/U_ICACHE/cpu_data_reg[31]_bret__3_bret__0
		U_cpu/U_ICACHE/cpu_data_reg[31]_bret__3_bret__1
		U_cpu/U_ICACHE/cpu_data_reg[31]_bret__3_bret__2
		U_cpu/U_ICACHE/cpu_data_reg[31]_bret__3_bret__3
		U_cpu/U_ICACHE/cpu_data_reg[31]_bret__3_bret__4
		U_cpu/U_ICACHE/cpu_data_reg[3]_bret
		U_cpu/U_ICACHE/cpu_data_reg[3]_bret__0_bret
		U_cpu/U_ICACHE/cpu_data_reg[3]_bret__0_bret__0
		U_cpu/U_ICACHE/cpu_data_reg[3]_bret__0_bret__1
		U_cpu/U_ICACHE/cpu_data_reg[3]_bret__0_bret__2
		U_cpu/U_ICACHE/cpu_data_reg[3]_bret__0_bret__3
		U_cpu/U_ICACHE/cpu_data_reg[3]_bret__0_bret__4
		U_cpu/U_ICACHE/cpu_data_reg[3]_bret__1
		U_cpu/U_ICACHE/cpu_data_reg[3]_bret__2
		U_cpu/U_ICACHE/cpu_data_reg[3]_bret__3_bret
		U_cpu/U_ICACHE/cpu_data_reg[3]_bret__3_bret__0
		U_cpu/U_ICACHE/cpu_data_reg[3]_bret__3_bret__1
		U_cpu/U_ICACHE/cpu_data_reg[3]_bret__3_bret__2
		U_cpu/U_ICACHE/cpu_data_reg[3]_bret__3_bret__3
		U_cpu/U_ICACHE/cpu_data_reg[3]_bret__3_bret__4
		U_cpu/U_ICACHE/cpu_data_reg[4]_bret
		U_cpu/U_ICACHE/cpu_data_reg[4]_bret__0_bret
		U_cpu/U_ICACHE/cpu_data_reg[4]_bret__0_bret__0
		U_cpu/U_ICACHE/cpu_data_reg[4]_bret__0_bret__1
		U_cpu/U_ICACHE/cpu_data_reg[4]_bret__0_bret__2
		U_cpu/U_ICACHE/cpu_data_reg[4]_bret__0_bret__3
		U_cpu/U_ICACHE/cpu_data_reg[4]_bret__0_bret__4
		U_cpu/U_ICACHE/cpu_data_reg[4]_bret__1
		U_cpu/U_ICACHE/cpu_data_reg[4]_bret__2
		U_cpu/U_ICACHE/cpu_data_reg[4]_bret__3_bret
		U_cpu/U_ICACHE/cpu_data_reg[4]_bret__3_bret__0
		U_cpu/U_ICACHE/cpu_data_reg[4]_bret__3_bret__1
		U_cpu/U_ICACHE/cpu_data_reg[4]_bret__3_bret__2
		U_cpu/U_ICACHE/cpu_data_reg[4]_bret__3_bret__3
		U_cpu/U_ICACHE/cpu_data_reg[4]_bret__3_bret__4
		U_cpu/U_ICACHE/cpu_data_reg[5]_bret
		U_cpu/U_ICACHE/cpu_data_reg[5]_bret__0_bret
		U_cpu/U_ICACHE/cpu_data_reg[5]_bret__0_bret__0
		U_cpu/U_ICACHE/cpu_data_reg[5]_bret__0_bret__1
		U_cpu/U_ICACHE/cpu_data_reg[5]_bret__0_bret__2
		U_cpu/U_ICACHE/cpu_data_reg[5]_bret__0_bret__3
		U_cpu/U_ICACHE/cpu_data_reg[5]_bret__0_bret__4
		U_cpu/U_ICACHE/cpu_data_reg[5]_bret__1
		U_cpu/U_ICACHE/cpu_data_reg[5]_bret__2
		U_cpu/U_ICACHE/cpu_data_reg[5]_bret__3_bret
		U_cpu/U_ICACHE/cpu_data_reg[5]_bret__3_bret__0
		U_cpu/U_ICACHE/cpu_data_reg[5]_bret__3_bret__1
		U_cpu/U_ICACHE/cpu_data_reg[5]_bret__3_bret__2
		U_cpu/U_ICACHE/cpu_data_reg[5]_bret__3_bret__3
		U_cpu/U_ICACHE/cpu_data_reg[5]_bret__3_bret__4
		U_cpu/U_ICACHE/cpu_data_reg[6]_bret
		U_cpu/U_ICACHE/cpu_data_reg[6]_bret__0_bret
		U_cpu/U_ICACHE/cpu_data_reg[6]_bret__0_bret__0
		U_cpu/U_ICACHE/cpu_data_reg[6]_bret__0_bret__1
		U_cpu/U_ICACHE/cpu_data_reg[6]_bret__0_bret__2
		U_cpu/U_ICACHE/cpu_data_reg[6]_bret__0_bret__3
		U_cpu/U_ICACHE/cpu_data_reg[6]_bret__0_bret__4
		U_cpu/U_ICACHE/cpu_data_reg[6]_bret__1
		U_cpu/U_ICACHE/cpu_data_reg[6]_bret__2
		U_cpu/U_ICACHE/cpu_data_reg[6]_bret__3_bret
		U_cpu/U_ICACHE/cpu_data_reg[6]_bret__3_bret__0
		U_cpu/U_ICACHE/cpu_data_reg[6]_bret__3_bret__1
		U_cpu/U_ICACHE/cpu_data_reg[6]_bret__3_bret__2
		U_cpu/U_ICACHE/cpu_data_reg[6]_bret__3_bret__3
		U_cpu/U_ICACHE/cpu_data_reg[6]_bret__3_bret__4
		U_cpu/U_ICACHE/cpu_data_reg[7]_bret
		U_cpu/U_ICACHE/cpu_data_reg[7]_bret__0_bret
		U_cpu/U_ICACHE/cpu_data_reg[7]_bret__0_bret__0
		U_cpu/U_ICACHE/cpu_data_reg[7]_bret__0_bret__1
		U_cpu/U_ICACHE/cpu_data_reg[7]_bret__0_bret__2
		U_cpu/U_ICACHE/cpu_data_reg[7]_bret__0_bret__3
		U_cpu/U_ICACHE/cpu_data_reg[7]_bret__0_bret__4
		U_cpu/U_ICACHE/cpu_data_reg[7]_bret__1
		U_cpu/U_ICACHE/cpu_data_reg[7]_bret__2
		U_cpu/U_ICACHE/cpu_data_reg[7]_bret__3_bret
		U_cpu/U_ICACHE/cpu_data_reg[7]_bret__3_bret__0
		U_cpu/U_ICACHE/cpu_data_reg[7]_bret__3_bret__1
		U_cpu/U_ICACHE/cpu_data_reg[7]_bret__3_bret__2
		U_cpu/U_ICACHE/cpu_data_reg[7]_bret__3_bret__3
		U_cpu/U_ICACHE/cpu_data_reg[7]_bret__3_bret__4
		U_cpu/U_ICACHE/cpu_data_reg[8]_bret
		U_cpu/U_ICACHE/cpu_data_reg[8]_bret__0_bret
		U_cpu/U_ICACHE/cpu_data_reg[8]_bret__0_bret__0
		U_cpu/U_ICACHE/cpu_data_reg[8]_bret__0_bret__1
		U_cpu/U_ICACHE/cpu_data_reg[8]_bret__0_bret__2
		U_cpu/U_ICACHE/cpu_data_reg[8]_bret__0_bret__3
		U_cpu/U_ICACHE/cpu_data_reg[8]_bret__0_bret__4
		U_cpu/U_ICACHE/cpu_data_reg[8]_bret__1
		U_cpu/U_ICACHE/cpu_data_reg[8]_bret__2
		U_cpu/U_ICACHE/cpu_data_reg[8]_bret__3_bret
		U_cpu/U_ICACHE/cpu_data_reg[8]_bret__3_bret__0
		U_cpu/U_ICACHE/cpu_data_reg[8]_bret__3_bret__1
		U_cpu/U_ICACHE/cpu_data_reg[8]_bret__3_bret__2
		U_cpu/U_ICACHE/cpu_data_reg[8]_bret__3_bret__3
		U_cpu/U_ICACHE/cpu_data_reg[8]_bret__3_bret__4
		U_cpu/U_ICACHE/cpu_data_reg[9]_bret
		U_cpu/U_ICACHE/cpu_data_reg[9]_bret__0_bret
		U_cpu/U_ICACHE/cpu_data_reg[9]_bret__0_bret__0
		U_cpu/U_ICACHE/cpu_data_reg[9]_bret__0_bret__1
		U_cpu/U_ICACHE/cpu_data_reg[9]_bret__0_bret__2
		U_cpu/U_ICACHE/cpu_data_reg[9]_bret__0_bret__3
		U_cpu/U_ICACHE/cpu_data_reg[9]_bret__0_bret__4
		U_cpu/U_ICACHE/cpu_data_reg[9]_bret__1
		U_cpu/U_ICACHE/cpu_data_reg[9]_bret__2
		U_cpu/U_ICACHE/cpu_data_reg[9]_bret__3_bret
		U_cpu/U_ICACHE/cpu_data_reg[9]_bret__3_bret__0
		U_cpu/U_ICACHE/cpu_data_reg[9]_bret__3_bret__1
		U_cpu/U_ICACHE/cpu_data_reg[9]_bret__3_bret__2
		U_cpu/U_ICACHE/cpu_data_reg[9]_bret__3_bret__3
		U_cpu/U_ICACHE/cpu_data_reg[9]_bret__3_bret__4
		U_cpu/U_core/exmem_rd_reg[4]_fret
		U_cpu/U_core/fetch_pc_reg[31]_bret
		U_cpu/U_core/fetch_pc_reg[31]_bret__0
		U_cpu/U_core/fetch_pc_reg[31]_bret__1
		U_cpu/U_core/fetch_pc_reg[31]_bret__10
		U_cpu/U_core/fetch_pc_reg[31]_bret__11
		U_cpu/U_core/fetch_pc_reg[31]_bret__12
		U_cpu/U_core/fetch_pc_reg[31]_bret__13
		U_cpu/U_core/fetch_pc_reg[31]_bret__14
		U_cpu/U_core/fetch_pc_reg[31]_bret__15
		U_cpu/U_core/fetch_pc_reg[31]_bret__16
		U_cpu/U_core/fetch_pc_reg[31]_bret__17
		U_cpu/U_core/fetch_pc_reg[31]_bret__18
		U_cpu/U_core/fetch_pc_reg[31]_bret__19
		U_cpu/U_core/fetch_pc_reg[31]_bret__2
		U_cpu/U_core/fetch_pc_reg[31]_bret__20
		U_cpu/U_core/fetch_pc_reg[31]_bret__21
		U_cpu/U_core/fetch_pc_reg[31]_bret__22
		U_cpu/U_core/fetch_pc_reg[31]_bret__23
		U_cpu/U_core/fetch_pc_reg[31]_bret__24
		U_cpu/U_core/fetch_pc_reg[31]_bret__25
		U_cpu/U_core/fetch_pc_reg[31]_bret__26
		U_cpu/U_core/fetch_pc_reg[31]_bret__27
		U_cpu/U_core/fetch_pc_reg[31]_bret__28
		U_cpu/U_core/fetch_pc_reg[31]_bret__29
		U_cpu/U_core/fetch_pc_reg[31]_bret__3
		U_cpu/U_core/fetch_pc_reg[31]_bret__30
		U_cpu/U_core/fetch_pc_reg[31]_bret__4
		U_cpu/U_core/fetch_pc_reg[31]_bret__5
		U_cpu/U_core/fetch_pc_reg[31]_bret__6
		U_cpu/U_core/fetch_pc_reg[31]_bret__7
		U_cpu/U_core/fetch_pc_reg[31]_bret__8
		U_cpu/U_core/fetch_pc_reg[31]_bret__9
		U_cpu/U_core/memwb_rd_reg[4]_fret
 

INFO: [Synth 8-5816] Retiming module `miniRV_SoC' done


WARNING: [Synth 8-3332] Sequential element (U_cpu/U_ICACHE/FSM_onehot_state_reg[2]) is unused and will be removed from module miniRV_SoC.
WARNING: [Synth 8-3332] Sequential element (U_cpu/U_ICACHE/FSM_onehot_state_reg[1]) is unused and will be removed from module miniRV_SoC.
WARNING: [Synth 8-3332] Sequential element (U_cpu/U_ICACHE/FSM_onehot_state_reg[0]) is unused and will be removed from module miniRV_SoC.
WARNING: [Synth 8-3332] Sequential element (U_cpu/U_ICACHE/cpu_data_reg[0]_bret__0) is unused and will be removed from module miniRV_SoC.
WARNING: [Synth 8-3332] Sequential element (U_cpu/U_ICACHE/cpu_data_reg[0]_bret__3) is unused and will be removed from module miniRV_SoC.
WARNING: [Synth 8-3332] Sequential element (U_cpu/U_ICACHE/cpu_data_reg[1]_bret__0) is unused and will be removed from module miniRV_SoC.
WARNING: [Synth 8-3332] Sequential element (U_cpu/U_ICACHE/cpu_data_reg[1]_bret__3) is unused and will be removed from module miniRV_SoC.
WARNING: [Synth 8-3332] Sequential element (U_cpu/U_ICACHE/cpu_data_reg[2]_bret__0) is unused and will be removed from module miniRV_SoC.
WARNING: [Synth 8-3332] Sequential element (U_cpu/U_ICACHE/cpu_data_reg[2]_bret__3) is unused and will be removed from module miniRV_SoC.
WARNING: [Synth 8-3332] Sequential element (U_cpu/U_ICACHE/cpu_data_reg[3]_bret__0) is unused and will be removed from module miniRV_SoC.
WARNING: [Synth 8-3332] Sequential element (U_cpu/U_ICACHE/cpu_data_reg[3]_bret__3) is unused and will be removed from module miniRV_SoC.
WARNING: [Synth 8-3332] Sequential element (U_cpu/U_ICACHE/cpu_data_reg[4]_bret__0) is unused and will be removed from module miniRV_SoC.
WARNING: [Synth 8-3332] Sequential element (U_cpu/U_ICACHE/cpu_data_reg[4]_bret__3) is unused and will be removed from module miniRV_SoC.
WARNING: [Synth 8-3332] Sequential element (U_cpu/U_ICACHE/cpu_data_reg[5]_bret__0) is unused and will be removed from module miniRV_SoC.
WARNING: [Synth 8-3332] Sequential element (U_cpu/U_ICACHE/cpu_data_reg[5]_bret__3) is unused and will be removed from module miniRV_SoC.
WARNING: [Synth 8-3332] Sequential element (U_cpu/U_ICACHE/cpu_data_reg[6]_bret__0) is unused and will be removed from module miniRV_SoC.
WARNING: [Synth 8-3332] Sequential element (U_cpu/U_ICACHE/cpu_data_reg[6]_bret__3) is unused and will be removed from module miniRV_SoC.
WARNING: [Synth 8-3332] Sequential element (U_cpu/U_ICACHE/cpu_data_reg[7]_bret__0) is unused and will be removed from module miniRV_SoC.
WARNING: [Synth 8-3332] Sequential element (U_cpu/U_ICACHE/cpu_data_reg[7]_bret__3) is unused and will be removed from module miniRV_SoC.
WARNING: [Synth 8-3332] Sequential element (U_cpu/U_ICACHE/cpu_data_reg[8]_bret__0) is unused and will be removed from module miniRV_SoC.
WARNING: [Synth 8-3332] Sequential element (U_cpu/U_ICACHE/cpu_data_reg[8]_bret__3) is unused and will be removed from module miniRV_SoC.
WARNING: [Synth 8-3332] Sequential element (U_cpu/U_ICACHE/cpu_data_reg[9]_bret__0) is unused and will be removed from module miniRV_SoC.
WARNING: [Synth 8-3332] Sequential element (U_cpu/U_ICACHE/cpu_data_reg[9]_bret__3) is unused and will be removed from module miniRV_SoC.
WARNING: [Synth 8-3332] Sequential element (U_cpu/U_ICACHE/cpu_data_reg[10]_bret__0) is unused and will be removed from module miniRV_SoC.
WARNING: [Synth 8-3332] Sequential element (U_cpu/U_ICACHE/cpu_data_reg[10]_bret__3) is unused and will be removed from module miniRV_SoC.
WARNING: [Synth 8-3332] Sequential element (U_cpu/U_ICACHE/cpu_data_reg[11]_bret__0) is unused and will be removed from module miniRV_SoC.
WARNING: [Synth 8-3332] Sequential element (U_cpu/U_ICACHE/cpu_data_reg[11]_bret__3) is unused and will be removed from module miniRV_SoC.
WARNING: [Synth 8-3332] Sequential element (U_cpu/U_ICACHE/cpu_data_reg[12]_bret__0) is unused and will be removed from module miniRV_SoC.
WARNING: [Synth 8-3332] Sequential element (U_cpu/U_ICACHE/cpu_data_reg[12]_bret__3) is unused and will be removed from module miniRV_SoC.
WARNING: [Synth 8-3332] Sequential element (U_cpu/U_ICACHE/cpu_data_reg[13]_bret__0) is unused and will be removed from module miniRV_SoC.
WARNING: [Synth 8-3332] Sequential element (U_cpu/U_ICACHE/cpu_data_reg[13]_bret__3) is unused and will be removed from module miniRV_SoC.
WARNING: [Synth 8-3332] Sequential element (U_cpu/U_ICACHE/cpu_data_reg[14]_bret__0) is unused and will be removed from module miniRV_SoC.
WARNING: [Synth 8-3332] Sequential element (U_cpu/U_ICACHE/cpu_data_reg[14]_bret__3) is unused and will be removed from module miniRV_SoC.
WARNING: [Synth 8-3332] Sequential element (U_cpu/U_ICACHE/cpu_data_reg[15]_bret__0) is unused and will be removed from module miniRV_SoC.
WARNING: [Synth 8-3332] Sequential element (U_cpu/U_ICACHE/cpu_data_reg[15]_bret__3) is unused and will be removed from module miniRV_SoC.
WARNING: [Synth 8-3332] Sequential element (U_cpu/U_ICACHE/cpu_data_reg[16]_bret__0) is unused and will be removed from module miniRV_SoC.
WARNING: [Synth 8-3332] Sequential element (U_cpu/U_ICACHE/cpu_data_reg[16]_bret__3) is unused and will be removed from module miniRV_SoC.
WARNING: [Synth 8-3332] Sequential element (U_cpu/U_ICACHE/cpu_data_reg[17]_bret__0) is unused and will be removed from module miniRV_SoC.
WARNING: [Synth 8-3332] Sequential element (U_cpu/U_ICACHE/cpu_data_reg[17]_bret__3) is unused and will be removed from module miniRV_SoC.
WARNING: [Synth 8-3332] Sequential element (U_cpu/U_ICACHE/cpu_data_reg[18]_bret__0) is unused and will be removed from module miniRV_SoC.
WARNING: [Synth 8-3332] Sequential element (U_cpu/U_ICACHE/cpu_data_reg[18]_bret__3) is unused and will be removed from module miniRV_SoC.
WARNING: [Synth 8-3332] Sequential element (U_cpu/U_ICACHE/cpu_data_reg[19]_bret__0) is unused and will be removed from module miniRV_SoC.
WARNING: [Synth 8-3332] Sequential element (U_cpu/U_ICACHE/cpu_data_reg[19]_bret__3) is unused and will be removed from module miniRV_SoC.
WARNING: [Synth 8-3332] Sequential element (U_cpu/U_ICACHE/cpu_data_reg[20]_bret__0) is unused and will be removed from module miniRV_SoC.
WARNING: [Synth 8-3332] Sequential element (U_cpu/U_ICACHE/cpu_data_reg[20]_bret__3) is unused and will be removed from module miniRV_SoC.
WARNING: [Synth 8-3332] Sequential element (U_cpu/U_ICACHE/cpu_data_reg[21]_bret__0) is unused and will be removed from module miniRV_SoC.
WARNING: [Synth 8-3332] Sequential element (U_cpu/U_ICACHE/cpu_data_reg[21]_bret__3) is unused and will be removed from module miniRV_SoC.
WARNING: [Synth 8-3332] Sequential element (U_cpu/U_ICACHE/cpu_data_reg[22]_bret__0) is unused and will be removed from module miniRV_SoC.
WARNING: [Synth 8-3332] Sequential element (U_cpu/U_ICACHE/cpu_data_reg[22]_bret__3) is unused and will be removed from module miniRV_SoC.
WARNING: [Synth 8-3332] Sequential element (U_cpu/U_ICACHE/cpu_data_reg[23]_bret__0) is unused and will be removed from module miniRV_SoC.
WARNING: [Synth 8-3332] Sequential element (U_cpu/U_ICACHE/cpu_data_reg[23]_bret__3) is unused and will be removed from module miniRV_SoC.
WARNING: [Synth 8-3332] Sequential element (U_cpu/U_ICACHE/cpu_data_reg[24]_bret__0) is unused and will be removed from module miniRV_SoC.
WARNING: [Synth 8-3332] Sequential element (U_cpu/U_ICACHE/cpu_data_reg[24]_bret__3) is unused and will be removed from module miniRV_SoC.
WARNING: [Synth 8-3332] Sequential element (U_cpu/U_ICACHE/cpu_data_reg[25]_bret__0) is unused and will be removed from module miniRV_SoC.
WARNING: [Synth 8-3332] Sequential element (U_cpu/U_ICACHE/cpu_data_reg[25]_bret__3) is unused and will be removed from module miniRV_SoC.
WARNING: [Synth 8-3332] Sequential element (U_cpu/U_ICACHE/cpu_data_reg[26]_bret__0) is unused and will be removed from module miniRV_SoC.
WARNING: [Synth 8-3332] Sequential element (U_cpu/U_ICACHE/cpu_data_reg[26]_bret__3) is unused and will be removed from module miniRV_SoC.
WARNING: [Synth 8-3332] Sequential element (U_cpu/U_ICACHE/cpu_data_reg[27]_bret__0) is unused and will be removed from module miniRV_SoC.
WARNING: [Synth 8-3332] Sequential element (U_cpu/U_ICACHE/cpu_data_reg[27]_bret__3) is unused and will be removed from module miniRV_SoC.
WARNING: [Synth 8-3332] Sequential element (U_cpu/U_ICACHE/cpu_data_reg[28]_bret__0) is unused and will be removed from module miniRV_SoC.
WARNING: [Synth 8-3332] Sequential element (U_cpu/U_ICACHE/cpu_data_reg[28]_bret__3) is unused and will be removed from module miniRV_SoC.
WARNING: [Synth 8-3332] Sequential element (U_cpu/U_ICACHE/cpu_data_reg[29]_bret__0) is unused and will be removed from module miniRV_SoC.
WARNING: [Synth 8-3332] Sequential element (U_cpu/U_ICACHE/cpu_data_reg[29]_bret__3) is unused and will be removed from module miniRV_SoC.
WARNING: [Synth 8-3332] Sequential element (U_cpu/U_ICACHE/cpu_data_reg[30]_bret__0) is unused and will be removed from module miniRV_SoC.
WARNING: [Synth 8-3332] Sequential element (U_cpu/U_ICACHE/cpu_data_reg[30]_bret__3) is unused and will be removed from module miniRV_SoC.
WARNING: [Synth 8-3332] Sequential element (U_cpu/U_ICACHE/cpu_data_reg[31]_bret__0) is unused and will be removed from module miniRV_SoC.
WARNING: [Synth 8-3332] Sequential element (U_cpu/U_ICACHE/cpu_data_reg[31]_bret__3) is unused and will be removed from module miniRV_SoC.
INFO: [Synth 8-7052] The timing for the instance U_MAIN_MEMORY/mem0_reg_0_0 (implemented as a Block RAM) might be sub-optimal as no optional output register could be merged into the ram block. Providing additional output register may help in improving timing.
INFO: [Synth 8-7052] The timing for the instance U_MAIN_MEMORY/mem0_reg_0_1 (implemented as a Block RAM) might be sub-optimal as no optional output register could be merged into the ram block. Providing additional output register may help in improving timing.
INFO: [Synth 8-7052] The timing for the instance U_MAIN_MEMORY/mem0_reg_1_0 (implemented as a Block RAM) might be sub-optimal as no optional output register could be merged into the ram block. Providing additional output register may help in improving timing.
INFO: [Synth 8-7052] The timing for the instance U_MAIN_MEMORY/mem0_reg_1_1 (implemented as a Block RAM) might be sub-optimal as no optional output register could be merged into the ram block. Providing additional output register may help in improving timing.
INFO: [Synth 8-7052] The timing for the instance U_MAIN_MEMORY/mem0_reg_2_0 (implemented as a Block RAM) might be sub-optimal as no optional output register could be merged into the ram block. Providing additional output register may help in improving timing.
INFO: [Synth 8-7052] The timing for the instance U_MAIN_MEMORY/mem0_reg_2_1 (implemented as a Block RAM) might be sub-optimal as no optional output register could be merged into the ram block. Providing additional output register may help in improving timing.
INFO: [Synth 8-7052] The timing for the instance U_MAIN_MEMORY/mem0_reg_3_0 (implemented as a Block RAM) might be sub-optimal as no optional output register could be merged into the ram block. Providing additional output register may help in improving timing.
INFO: [Synth 8-7052] The timing for the instance U_MAIN_MEMORY/mem0_reg_3_1 (implemented as a Block RAM) might be sub-optimal as no optional output register could be merged into the ram block. Providing additional output register may help in improving timing.
INFO: [Synth 8-7052] The timing for the instance U_MAIN_MEMORY/mem1_reg_0_0 (implemented as a Block RAM) might be sub-optimal as no optional output register could be merged into the ram block. Providing additional output register may help in improving timing.
INFO: [Synth 8-7052] The timing for the instance U_MAIN_MEMORY/mem1_reg_0_1 (implemented as a Block RAM) might be sub-optimal as no optional output register could be merged into the ram block. Providing additional output register may help in improving timing.
INFO: [Synth 8-7052] The timing for the instance U_MAIN_MEMORY/mem1_reg_1_0 (implemented as a Block RAM) might be sub-optimal as no optional output register could be merged into the ram block. Providing additional output register may help in improving timing.
INFO: [Synth 8-7052] The timing for the instance U_MAIN_MEMORY/mem1_reg_1_1 (implemented as a Block RAM) might be sub-optimal as no optional output register could be merged into the ram block. Providing additional output register may help in improving timing.
INFO: [Synth 8-7052] The timing for the instance U_MAIN_MEMORY/mem1_reg_2_0 (implemented as a Block RAM) might be sub-optimal as no optional output register could be merged into the ram block. Providing additional output register may help in improving timing.
INFO: [Synth 8-7052] The timing for the instance U_MAIN_MEMORY/mem1_reg_2_1 (implemented as a Block RAM) might be sub-optimal as no optional output register could be merged into the ram block. Providing additional output register may help in improving timing.
INFO: [Synth 8-7052] The timing for the instance U_MAIN_MEMORY/mem1_reg_3_0 (implemented as a Block RAM) might be sub-optimal as no optional output register could be merged into the ram block. Providing additional output register may help in improving timing.
INFO: [Synth 8-7052] The timing for the instance U_MAIN_MEMORY/mem1_reg_3_1 (implemented as a Block RAM) might be sub-optimal as no optional output register could be merged into the ram block. Providing additional output register may help in improving timing.
INFO: [Synth 8-7052] The timing for the instance U_MAIN_MEMORY/mem2_reg_0_0 (implemented as a Block RAM) might be sub-optimal as no optional output register could be merged into the ram block. Providing additional output register may help in improving timing.
INFO: [Synth 8-7052] The timing for the instance U_MAIN_MEMORY/mem2_reg_0_1 (implemented as a Block RAM) might be sub-optimal as no optional output register could be merged into the ram block. Providing additional output register may help in improving timing.
INFO: [Synth 8-7052] The timing for the instance U_MAIN_MEMORY/mem2_reg_1_0 (implemented as a Block RAM) might be sub-optimal as no optional output register could be merged into the ram block. Providing additional output register may help in improving timing.
INFO: [Synth 8-7052] The timing for the instance U_MAIN_MEMORY/mem2_reg_1_1 (implemented as a Block RAM) might be sub-optimal as no optional output register could be merged into the ram block. Providing additional output register may help in improving timing.
INFO: [Synth 8-7052] The timing for the instance U_MAIN_MEMORY/mem2_reg_2_0 (implemented as a Block RAM) might be sub-optimal as no optional output register could be merged into the ram block. Providing additional output register may help in improving timing.
INFO: [Synth 8-7052] The timing for the instance U_MAIN_MEMORY/mem2_reg_2_1 (implemented as a Block RAM) might be sub-optimal as no optional output register could be merged into the ram block. Providing additional output register may help in improving timing.
INFO: [Synth 8-7052] The timing for the instance U_MAIN_MEMORY/mem2_reg_3_0 (implemented as a Block RAM) might be sub-optimal as no optional output register could be merged into the ram block. Providing additional output register may help in improving timing.
INFO: [Synth 8-7052] The timing for the instance U_MAIN_MEMORY/mem2_reg_3_1 (implemented as a Block RAM) might be sub-optimal as no optional output register could be merged into the ram block. Providing additional output register may help in improving timing.
INFO: [Synth 8-7052] The timing for the instance U_MAIN_MEMORY/mem3_reg_0_0 (implemented as a Block RAM) might be sub-optimal as no optional output register could be merged into the ram block. Providing additional output register may help in improving timing.
INFO: [Synth 8-7052] The timing for the instance U_MAIN_MEMORY/mem3_reg_0_1 (implemented as a Block RAM) might be sub-optimal as no optional output register could be merged into the ram block. Providing additional output register may help in improving timing.
INFO: [Synth 8-7052] The timing for the instance U_MAIN_MEMORY/mem3_reg_1_0 (implemented as a Block RAM) might be sub-optimal as no optional output register could be merged into the ram block. Providing additional output register may help in improving timing.
INFO: [Synth 8-7052] The timing for the instance U_MAIN_MEMORY/mem3_reg_1_1 (implemented as a Block RAM) might be sub-optimal as no optional output register could be merged into the ram block. Providing additional output register may help in improving timing.
INFO: [Synth 8-7052] The timing for the instance U_MAIN_MEMORY/mem3_reg_2_0 (implemented as a Block RAM) might be sub-optimal as no optional output register could be merged into the ram block. Providing additional output register may help in improving timing.
INFO: [Synth 8-7052] The timing for the instance U_MAIN_MEMORY/mem3_reg_2_1 (implemented as a Block RAM) might be sub-optimal as no optional output register could be merged into the ram block. Providing additional output register may help in improving timing.
INFO: [Synth 8-7052] The timing for the instance U_MAIN_MEMORY/mem3_reg_3_0 (implemented as a Block RAM) might be sub-optimal as no optional output register could be merged into the ram block. Providing additional output register may help in improving timing.
INFO: [Synth 8-7052] The timing for the instance U_MAIN_MEMORY/mem3_reg_3_1 (implemented as a Block RAM) might be sub-optimal as no optional output register could be merged into the ram block. Providing additional output register may help in improving timing.
INFO: [Synth 8-7052] The timing for the instance U_MAIN_MEMORY/mem4_reg_0_0 (implemented as a Block RAM) might be sub-optimal as no optional output register could be merged into the ram block. Providing additional output register may help in improving timing.
INFO: [Synth 8-7052] The timing for the instance U_MAIN_MEMORY/mem4_reg_0_1 (implemented as a Block RAM) might be sub-optimal as no optional output register could be merged into the ram block. Providing additional output register may help in improving timing.
INFO: [Synth 8-7052] The timing for the instance U_MAIN_MEMORY/mem4_reg_1_0 (implemented as a Block RAM) might be sub-optimal as no optional output register could be merged into the ram block. Providing additional output register may help in improving timing.
INFO: [Synth 8-7052] The timing for the instance U_MAIN_MEMORY/mem4_reg_1_1 (implemented as a Block RAM) might be sub-optimal as no optional output register could be merged into the ram block. Providing additional output register may help in improving timing.
INFO: [Synth 8-7052] The timing for the instance U_MAIN_MEMORY/mem4_reg_2_0 (implemented as a Block RAM) might be sub-optimal as no optional output register could be merged into the ram block. Providing additional output register may help in improving timing.
INFO: [Synth 8-7052] The timing for the instance U_MAIN_MEMORY/mem4_reg_2_1 (implemented as a Block RAM) might be sub-optimal as no optional output register could be merged into the ram block. Providing additional output register may help in improving timing.
INFO: [Synth 8-7052] The timing for the instance U_MAIN_MEMORY/mem4_reg_3_0 (implemented as a Block RAM) might be sub-optimal as no optional output register could be merged into the ram block. Providing additional output register may help in improving timing.
INFO: [Synth 8-7052] The timing for the instance U_MAIN_MEMORY/mem4_reg_3_1 (implemented as a Block RAM) might be sub-optimal as no optional output register could be merged into the ram block. Providing additional output register may help in improving timing.
---------------------------------------------------------------------------------
Finished Technology Mapping : Time (s): cpu = 00:01:16 ; elapsed = 00:01:17 . Memory (MB): peak = 2018.699 ; gain = 1138.984
---------------------------------------------------------------------------------
---------------------------------------------------------------------------------
Start IO Insertion
---------------------------------------------------------------------------------
---------------------------------------------------------------------------------
Start Flattening Before IO Insertion
---------------------------------------------------------------------------------
---------------------------------------------------------------------------------
Finished Flattening Before IO Insertion
---------------------------------------------------------------------------------
---------------------------------------------------------------------------------
Start Final Netlist Cleanup
---------------------------------------------------------------------------------
---------------------------------------------------------------------------------
Finished Final Netlist Cleanup
---------------------------------------------------------------------------------
---------------------------------------------------------------------------------
Finished IO Insertion : Time (s): cpu = 00:01:21 ; elapsed = 00:01:22 . Memory (MB): peak = 2018.699 ; gain = 1138.984
---------------------------------------------------------------------------------
---------------------------------------------------------------------------------
Start Renaming Generated Instances
---------------------------------------------------------------------------------
---------------------------------------------------------------------------------
Finished Renaming Generated Instances : Time (s): cpu = 00:01:21 ; elapsed = 00:01:22 . Memory (MB): peak = 2018.699 ; gain = 1138.984
---------------------------------------------------------------------------------
---------------------------------------------------------------------------------
Start Rebuilding User Hierarchy
---------------------------------------------------------------------------------
---------------------------------------------------------------------------------
Finished Rebuilding User Hierarchy : Time (s): cpu = 00:01:21 ; elapsed = 00:01:22 . Memory (MB): peak = 2018.699 ; gain = 1138.984
---------------------------------------------------------------------------------
---------------------------------------------------------------------------------
Start Renaming Generated Ports
---------------------------------------------------------------------------------
---------------------------------------------------------------------------------
Finished Renaming Generated Ports : Time (s): cpu = 00:01:21 ; elapsed = 00:01:22 . Memory (MB): peak = 2018.699 ; gain = 1138.984
---------------------------------------------------------------------------------
---------------------------------------------------------------------------------
Start Handling Custom Attributes
---------------------------------------------------------------------------------
---------------------------------------------------------------------------------
Finished Handling Custom Attributes : Time (s): cpu = 00:01:21 ; elapsed = 00:01:22 . Memory (MB): peak = 2018.699 ; gain = 1138.984
---------------------------------------------------------------------------------
---------------------------------------------------------------------------------
Start Renaming Generated Nets
---------------------------------------------------------------------------------
---------------------------------------------------------------------------------
Finished Renaming Generated Nets : Time (s): cpu = 00:01:21 ; elapsed = 00:01:22 . Memory (MB): peak = 2018.699 ; gain = 1138.984
---------------------------------------------------------------------------------
---------------------------------------------------------------------------------
Start ROM, RAM, DSP, Shift Register and Retiming Reporting
---------------------------------------------------------------------------------

Retiming Report:
+--------------------+-----+
|Retiming summary:   |     | 
+--------------------+-----+
|Forward Retiming    | 2   | 
|Backward Retiming   | 100 | 
|New registers added | 532 | 
|Registers deleted   | 66  | 
+--------------------+-----+

---------------------------------------------------------------------------------
Finished ROM, RAM, DSP, Shift Register and Retiming Reporting
---------------------------------------------------------------------------------
---------------------------------------------------------------------------------
Start Writing Synthesis Report
---------------------------------------------------------------------------------

Report BlackBoxes: 
+------+--------------+----------+
|      |BlackBox name |Instances |
+------+--------------+----------+
|1     |clk_wiz_0     |         1|
+------+--------------+----------+

Report Cell Usage: 
+------+---------+------+
|      |Cell     |Count |
+------+---------+------+
|1     |clk_wiz  |     1|
|2     |CARRY4   |   206|
|3     |LUT1     |   276|
|4     |LUT2     |   561|
|5     |LUT3     |   624|
|6     |LUT4     |   438|
|7     |LUT5     |   665|
|8     |LUT6     |  1114|
|9     |MUXF7    |    26|
|10    |MUXF8    |     4|
|11    |RAM32M   |    10|
|12    |RAM32X1D |     4|
|13    |RAM64M   |   100|
|14    |RAMB36E1 |    40|
|31    |FDCE     |  2905|
|32    |FDPE     |   131|
|33    |IBUF     |    18|
|34    |OBUF     |    41|
+------+---------+------+
---------------------------------------------------------------------------------
Finished Writing Synthesis Report : Time (s): cpu = 00:01:21 ; elapsed = 00:01:22 . Memory (MB): peak = 2018.699 ; gain = 1138.984
---------------------------------------------------------------------------------
Synthesis finished with 0 errors, 0 critical warnings and 83 warnings.
Synthesis Optimization Runtime : Time (s): cpu = 00:01:10 ; elapsed = 00:01:19 . Memory (MB): peak = 2018.699 ; gain = 1048.324
Synthesis Optimization Complete : Time (s): cpu = 00:01:21 ; elapsed = 00:01:22 . Memory (MB): peak = 2018.699 ; gain = 1138.984
INFO: [Project 1-571] Translating synthesized netlist
Netlist sorting complete. Time (s): cpu = 00:00:00 ; elapsed = 00:00:00.097 . Memory (MB): peak = 2018.699 ; gain = 0.000
INFO: [Netlist 29-17] Analyzing 390 Unisim elements for replacement
INFO: [Netlist 29-28] Unisim Transformation completed in 0 CPU seconds
INFO: [Project 1-570] Preparing netlist for logic optimization
INFO: [Opt 31-138] Pushed 0 inverter(s) to 0 load pin(s).
Netlist sorting complete. Time (s): cpu = 00:00:00 ; elapsed = 00:00:00.001 . Memory (MB): peak = 2018.699 ; gain = 0.000
INFO: [Project 1-111] Unisim Transformation Summary:
  A total of 114 instances were transformed.
  RAM32M => RAM32M (RAMD32(x6), RAMS32(x2)): 10 instances
  RAM32X1D => RAM32X1D (RAMD32(x2)): 4 instances
  RAM64M => RAM64M (RAMD64E(x4)): 100 instances

系统找不到指定的路径。
Synth Design complete | Checksum: de434174
INFO: [Common 17-83] Releasing license: Synthesis
109 Infos, 119 Warnings, 0 Critical Warnings and 0 Errors encountered.
synth_design completed successfully
synth_design: Time (s): cpu = 00:01:27 ; elapsed = 00:01:28 . Memory (MB): peak = 2018.699 ; gain = 1531.867
Write ShapeDB Complete: Time (s): cpu = 00:00:00 ; elapsed = 00:00:00.009 . Memory (MB): peak = 2018.699 ; gain = 0.000
INFO: [Common 17-1381] The checkpoint 'D:/miniRV_CTEST_CoreMark_v8/miniRV_lab2_C_TEST0-4_CoreMark_50MHz_v8_MEM_handshake_fixed/miniRV_complete/vivado_c_test_board_50MHz/miniRV_c_test_board_50MHz.runs/synth_1/miniRV_SoC.dcp' has been generated.
INFO: [runtcl-4] Executing : report_utilization -file miniRV_SoC_utilization_synth.rpt -pb miniRV_SoC_utilization_synth.pb
INFO: [Common 17-206] Exiting Vivado at Wed Jul 29 10:42:38 2026...
[Wed Jul 29 10:42:42 2026] synth_1 finished
wait_on_runs: Time (s): cpu = 00:00:01 ; elapsed = 00:02:26 . Memory (MB): peak = 498.445 ; gain = 0.000
Design is defaulting to impl run constrset: constrs_1
Design is defaulting to synth run part: xc7a35tcsg324-1
INFO: [Device 21-403] Loading part xc7a35tcsg324-1
INFO: [Project 1-454] Reading design checkpoint 'd:/miniRV_CTEST_CoreMark_v8/miniRV_lab2_C_TEST0-4_CoreMark_50MHz_v8_MEM_handshake_fixed/miniRV_complete/miniRV.gen/sources_1/ip/clk_wiz_0/clk_wiz_0.dcp' for cell 'U_CLKGEN'
Netlist sorting complete. Time (s): cpu = 00:00:00 ; elapsed = 00:00:00.064 . Memory (MB): peak = 921.879 ; gain = 0.000
INFO: [Netlist 29-17] Analyzing 391 Unisim elements for replacement
INFO: [Netlist 29-28] Unisim Transformation completed in 0 CPU seconds
INFO: [Project 1-479] Netlist was created with Vivado 2023.2
INFO: [Project 1-570] Preparing netlist for logic optimization
Parsing XDC File [d:/miniRV_CTEST_CoreMark_v8/miniRV_lab2_C_TEST0-4_CoreMark_50MHz_v8_MEM_handshake_fixed/miniRV_complete/miniRV.gen/sources_1/ip/clk_wiz_0/clk_wiz_0_board.xdc] for cell 'U_CLKGEN/inst'
Finished Parsing XDC File [d:/miniRV_CTEST_CoreMark_v8/miniRV_lab2_C_TEST0-4_CoreMark_50MHz_v8_MEM_handshake_fixed/miniRV_complete/miniRV.gen/sources_1/ip/clk_wiz_0/clk_wiz_0_board.xdc] for cell 'U_CLKGEN/inst'
Parsing XDC File [d:/miniRV_CTEST_CoreMark_v8/miniRV_lab2_C_TEST0-4_CoreMark_50MHz_v8_MEM_handshake_fixed/miniRV_complete/miniRV.gen/sources_1/ip/clk_wiz_0/clk_wiz_0.xdc] for cell 'U_CLKGEN/inst'
INFO: [Timing 38-35] Done setting XDC timing constraints. [d:/miniRV_CTEST_CoreMark_v8/miniRV_lab2_C_TEST0-4_CoreMark_50MHz_v8_MEM_handshake_fixed/miniRV_complete/miniRV.gen/sources_1/ip/clk_wiz_0/clk_wiz_0.xdc:54]
INFO: [Timing 38-2] Deriving generated clocks [d:/miniRV_CTEST_CoreMark_v8/miniRV_lab2_C_TEST0-4_CoreMark_50MHz_v8_MEM_handshake_fixed/miniRV_complete/miniRV.gen/sources_1/ip/clk_wiz_0/clk_wiz_0.xdc:54]
get_clocks: Time (s): cpu = 00:00:06 ; elapsed = 00:00:07 . Memory (MB): peak = 1619.391 ; gain = 577.277
Finished Parsing XDC File [d:/miniRV_CTEST_CoreMark_v8/miniRV_lab2_C_TEST0-4_CoreMark_50MHz_v8_MEM_handshake_fixed/miniRV_complete/miniRV.gen/sources_1/ip/clk_wiz_0/clk_wiz_0.xdc] for cell 'U_CLKGEN/inst'
Parsing XDC File [D:/miniRV_CTEST_CoreMark_v8/miniRV_lab2_C_TEST0-4_CoreMark_50MHz_v8_MEM_handshake_fixed/miniRV_complete/src/xdc/miniRV_SoC.xdc]
Finished Parsing XDC File [D:/miniRV_CTEST_CoreMark_v8/miniRV_lab2_C_TEST0-4_CoreMark_50MHz_v8_MEM_handshake_fixed/miniRV_complete/src/xdc/miniRV_SoC.xdc]
Parsing XDC File [D:/miniRV_CTEST_CoreMark_v8/miniRV_lab2_C_TEST0-4_CoreMark_50MHz_v8_MEM_handshake_fixed/miniRV_complete/src/xdc/clock.xdc]
WARNING: [Constraints 18-619] A clock with name 'fpga_clk' already exists, overwriting the previous clock with the same name. [D:/miniRV_CTEST_CoreMark_v8/miniRV_lab2_C_TEST0-4_CoreMark_50MHz_v8_MEM_handshake_fixed/miniRV_complete/src/xdc/clock.xdc:1]
Finished Parsing XDC File [D:/miniRV_CTEST_CoreMark_v8/miniRV_lab2_C_TEST0-4_CoreMark_50MHz_v8_MEM_handshake_fixed/miniRV_complete/src/xdc/clock.xdc]
INFO: [Opt 31-138] Pushed 0 inverter(s) to 0 load pin(s).
Netlist sorting complete. Time (s): cpu = 00:00:00 ; elapsed = 00:00:00.002 . Memory (MB): peak = 1620.449 ; gain = 0.000
INFO: [Project 1-111] Unisim Transformation Summary:
  A total of 114 instances were transformed.
  RAM32M => RAM32M (RAMD32(x6), RAMS32(x2)): 10 instances
  RAM32X1D => RAM32X1D (RAMD32(x2)): 4 instances
  RAM64M => RAM64M (RAMD64E(x4)): 100 instances

open_run: Time (s): cpu = 00:00:11 ; elapsed = 00:00:13 . Memory (MB): peak = 1620.449 ; gain = 1122.004
Post-synthesis BRAM usage: RAMB36E1=40, RAMB18E1=0, BRAM18-equivalent=80/100
Running implementation strategy: Performance_ExplorePostRoutePhysOpt
[Wed Jul 29 10:42:55 2026] Launched impl_1...
Run output will be captured here: D:/miniRV_CTEST_CoreMark_v8/miniRV_lab2_C_TEST0-4_CoreMark_50MHz_v8_MEM_handshake_fixed/miniRV_complete/vivado_c_test_board_50MHz/miniRV_c_test_board_50MHz.runs/impl_1/runme.log
[Wed Jul 29 10:42:55 2026] Waiting for impl_1 to finish...

*** Running vivado
    with args -log miniRV_SoC.vdi -applog -m64 -product Vivado -messageDb vivado.pb -mode batch -source miniRV_SoC.tcl -notrace


ECHO 处于关闭状态。
ECHO 处于关闭状态。

****** Vivado v2023.2 (64-bit)
  **** SW Build 4029153 on Fri Oct 13 20:14:34 MDT 2023
  **** IP Build 4028589 on Sat Oct 14 00:45:43 MDT 2023
  **** SharedData Build 4025554 on Tue Oct 10 17:18:54 MDT 2023
    ** Copyright 1986-2022 Xilinx, Inc. All Rights Reserved.
    ** Copyright 2022-2023 Advanced Micro Devices, Inc. All Rights Reserved.

source miniRV_SoC.tcl -notrace
create_project: Time (s): cpu = 00:00:05 ; elapsed = 00:00:06 . Memory (MB): peak = 472.039 ; gain = 175.711
Command: link_design -top miniRV_SoC -part xc7a35tcsg324-1
Design is defaulting to srcset: sources_1
Design is defaulting to constrset: constrs_1
INFO: [Device 21-403] Loading part xc7a35tcsg324-1
INFO: [Project 1-454] Reading design checkpoint 'd:/miniRV_CTEST_CoreMark_v8/miniRV_lab2_C_TEST0-4_CoreMark_50MHz_v8_MEM_handshake_fixed/miniRV_complete/miniRV.gen/sources_1/ip/clk_wiz_0/clk_wiz_0.dcp' for cell 'U_CLKGEN'
Netlist sorting complete. Time (s): cpu = 00:00:00 ; elapsed = 00:00:00.063 . Memory (MB): peak = 905.754 ; gain = 0.000
INFO: [Netlist 29-17] Analyzing 391 Unisim elements for replacement
INFO: [Netlist 29-28] Unisim Transformation completed in 0 CPU seconds
INFO: [Project 1-479] Netlist was created with Vivado 2023.2
INFO: [Project 1-570] Preparing netlist for logic optimization
Parsing XDC File [d:/miniRV_CTEST_CoreMark_v8/miniRV_lab2_C_TEST0-4_CoreMark_50MHz_v8_MEM_handshake_fixed/miniRV_complete/miniRV.gen/sources_1/ip/clk_wiz_0/clk_wiz_0_board.xdc] for cell 'U_CLKGEN/inst'
Finished Parsing XDC File [d:/miniRV_CTEST_CoreMark_v8/miniRV_lab2_C_TEST0-4_CoreMark_50MHz_v8_MEM_handshake_fixed/miniRV_complete/miniRV.gen/sources_1/ip/clk_wiz_0/clk_wiz_0_board.xdc] for cell 'U_CLKGEN/inst'
Parsing XDC File [d:/miniRV_CTEST_CoreMark_v8/miniRV_lab2_C_TEST0-4_CoreMark_50MHz_v8_MEM_handshake_fixed/miniRV_complete/miniRV.gen/sources_1/ip/clk_wiz_0/clk_wiz_0.xdc] for cell 'U_CLKGEN/inst'
INFO: [Timing 38-35] Done setting XDC timing constraints. [d:/miniRV_CTEST_CoreMark_v8/miniRV_lab2_C_TEST0-4_CoreMark_50MHz_v8_MEM_handshake_fixed/miniRV_complete/miniRV.gen/sources_1/ip/clk_wiz_0/clk_wiz_0.xdc:54]
INFO: [Timing 38-2] Deriving generated clocks [d:/miniRV_CTEST_CoreMark_v8/miniRV_lab2_C_TEST0-4_CoreMark_50MHz_v8_MEM_handshake_fixed/miniRV_complete/miniRV.gen/sources_1/ip/clk_wiz_0/clk_wiz_0.xdc:54]
get_clocks: Time (s): cpu = 00:00:07 ; elapsed = 00:00:07 . Memory (MB): peak = 1603.941 ; gain = 578.359
Finished Parsing XDC File [d:/miniRV_CTEST_CoreMark_v8/miniRV_lab2_C_TEST0-4_CoreMark_50MHz_v8_MEM_handshake_fixed/miniRV_complete/miniRV.gen/sources_1/ip/clk_wiz_0/clk_wiz_0.xdc] for cell 'U_CLKGEN/inst'
Parsing XDC File [D:/miniRV_CTEST_CoreMark_v8/miniRV_lab2_C_TEST0-4_CoreMark_50MHz_v8_MEM_handshake_fixed/miniRV_complete/src/xdc/miniRV_SoC.xdc]
Finished Parsing XDC File [D:/miniRV_CTEST_CoreMark_v8/miniRV_lab2_C_TEST0-4_CoreMark_50MHz_v8_MEM_handshake_fixed/miniRV_complete/src/xdc/miniRV_SoC.xdc]
Parsing XDC File [D:/miniRV_CTEST_CoreMark_v8/miniRV_lab2_C_TEST0-4_CoreMark_50MHz_v8_MEM_handshake_fixed/miniRV_complete/src/xdc/clock.xdc]
WARNING: [Constraints 18-619] A clock with name 'fpga_clk' already exists, overwriting the previous clock with the same name. [D:/miniRV_CTEST_CoreMark_v8/miniRV_lab2_C_TEST0-4_CoreMark_50MHz_v8_MEM_handshake_fixed/miniRV_complete/src/xdc/clock.xdc:1]
Finished Parsing XDC File [D:/miniRV_CTEST_CoreMark_v8/miniRV_lab2_C_TEST0-4_CoreMark_50MHz_v8_MEM_handshake_fixed/miniRV_complete/src/xdc/clock.xdc]
INFO: [Opt 31-138] Pushed 0 inverter(s) to 0 load pin(s).
Netlist sorting complete. Time (s): cpu = 00:00:00 ; elapsed = 00:00:00.001 . Memory (MB): peak = 1606.004 ; gain = 0.000
INFO: [Project 1-111] Unisim Transformation Summary:
  A total of 114 instances were transformed.
  RAM32M => RAM32M (RAMD32(x6), RAMS32(x2)): 10 instances
  RAM32X1D => RAM32X1D (RAMD32(x2)): 4 instances
  RAM64M => RAM64M (RAMD64E(x4)): 100 instances

系统找不到指定的路径。
10 Infos, 1 Warnings, 0 Critical Warnings and 0 Errors encountered.
link_design completed successfully
link_design: Time (s): cpu = 00:00:12 ; elapsed = 00:00:13 . Memory (MB): peak = 1606.004 ; gain = 1117.945
Command: opt_design -directive Explore
INFO: [Vivado_Tcl 4-136] Directive used for opt_design is: Explore
Attempting to get a license for feature 'Implementation' and/or device 'xc7a35t'
INFO: [Common 17-349] Got license for feature 'Implementation' and/or device 'xc7a35t'
Running DRC as a precondition to command opt_design

Starting DRC Task
INFO: [DRC 23-27] Running DRC with 2 threads
INFO: [Project 1-461] DRC finished with 0 Errors
INFO: [Project 1-462] Please refer to the DRC report (report_drc) for more information.

Time (s): cpu = 00:00:01 ; elapsed = 00:00:00.821 . Memory (MB): peak = 1606.004 ; gain = 0.000

Starting Logic Optimization Task

Phase 1 Initialization

Phase 1.1 Core Generation And Design Setup
Phase 1.1 Core Generation And Design Setup | Checksum: 1bfca9f91

Time (s): cpu = 00:00:00 ; elapsed = 00:00:00.001 . Memory (MB): peak = 1877.082 ; gain = 0.000

Phase 1.2 Setup Constraints And Sort Netlist
Phase 1.2 Setup Constraints And Sort Netlist | Checksum: 1bfca9f91

Time (s): cpu = 00:00:00 ; elapsed = 00:00:00.004 . Memory (MB): peak = 1877.082 ; gain = 0.000
Phase 1 Initialization | Checksum: 1bfca9f91

Time (s): cpu = 00:00:00 ; elapsed = 00:00:00.005 . Memory (MB): peak = 1877.082 ; gain = 0.000

Phase 2 Timer Update And Timing Data Collection

Phase 2.1 Timer Update
INFO: [Timing 38-35] Done setting XDC timing constraints.
Phase 2.1 Timer Update | Checksum: 1bfca9f91

Time (s): cpu = 00:00:01 ; elapsed = 00:00:00.372 . Memory (MB): peak = 1973.980 ; gain = 96.898

Phase 2.2 Timing Data Collection
Phase 2.2 Timing Data Collection | Checksum: 1bfca9f91

Time (s): cpu = 00:00:01 ; elapsed = 00:00:00.382 . Memory (MB): peak = 1973.980 ; gain = 96.898
Phase 2 Timer Update And Timing Data Collection | Checksum: 1bfca9f91

Time (s): cpu = 00:00:01 ; elapsed = 00:00:00.383 . Memory (MB): peak = 1973.980 ; gain = 96.898

Phase 3 Retarget
INFO: [Opt 31-1566] Pulled 1 inverters resulting in an inversion of 7 pins
INFO: [Opt 31-138] Pushed 0 inverter(s) to 0 load pin(s).
INFO: [Opt 31-49] Retargeted 0 cell(s).
Phase 3 Retarget | Checksum: 11337fd49

Time (s): cpu = 00:00:01 ; elapsed = 00:00:00.652 . Memory (MB): peak = 1973.980 ; gain = 96.898
Retarget | Checksum: 11337fd49
INFO: [Opt 31-389] Phase Retarget created 0 cells and removed 50 cells
INFO: [Opt 31-1021] In phase Retarget, 1 netlist objects are constrained preventing optimization. Please run opt_design with -debug_log to get more detail. 

Phase 4 Constant propagation
INFO: [Opt 31-138] Pushed 0 inverter(s) to 0 load pin(s).
Phase 4 Constant propagation | Checksum: 1ac644340

Time (s): cpu = 00:00:01 ; elapsed = 00:00:00.685 . Memory (MB): peak = 1973.980 ; gain = 96.898
Constant propagation | Checksum: 1ac644340
INFO: [Opt 31-389] Phase Constant propagation created 0 cells and removed 0 cells

Phase 5 Sweep
Phase 5 Sweep | Checksum: 1ac33a964

Time (s): cpu = 00:00:01 ; elapsed = 00:00:00.740 . Memory (MB): peak = 1973.980 ; gain = 96.898
Sweep | Checksum: 1ac33a964
INFO: [Opt 31-389] Phase Sweep created 0 cells and removed 0 cells

Phase 6 BUFG optimization
Phase 6 BUFG optimization | Checksum: 1ac33a964

Time (s): cpu = 00:00:01 ; elapsed = 00:00:00.816 . Memory (MB): peak = 1973.980 ; gain = 96.898
BUFG optimization | Checksum: 1ac33a964
INFO: [Opt 31-662] Phase BUFG optimization created 0 cells of which 0 are BUFGs and removed 0 cells.

Phase 7 Shift Register Optimization
INFO: [Opt 31-1064] SRL Remap converted 0 SRLs to 0 registers and converted 0 registers of register chains to 0 SRLs
Phase 7 Shift Register Optimization | Checksum: 1ac33a964

Time (s): cpu = 00:00:01 ; elapsed = 00:00:00.820 . Memory (MB): peak = 1973.980 ; gain = 96.898
Shift Register Optimization | Checksum: 1ac33a964
INFO: [Opt 31-389] Phase Shift Register Optimization created 0 cells and removed 0 cells
INFO: [Opt 31-1555] control_set_opt supports Versal devices only, and device 7a35t is unsupported

Phase 8 Post Processing Netlist
Phase 8 Post Processing Netlist | Checksum: 1ac33a964

Time (s): cpu = 00:00:01 ; elapsed = 00:00:00.835 . Memory (MB): peak = 1973.980 ; gain = 96.898
Post Processing Netlist | Checksum: 1ac33a964
INFO: [Opt 31-389] Phase Post Processing Netlist created 0 cells and removed 0 cells

Phase 9 Finalization

Phase 9.1 Finalizing Design Cores and Updating Shapes
Phase 9.1 Finalizing Design Cores and Updating Shapes | Checksum: 1ff2aadae

Time (s): cpu = 00:00:01 ; elapsed = 00:00:00.927 . Memory (MB): peak = 1973.980 ; gain = 96.898

Phase 9.2 Verifying Netlist Connectivity

Starting Connectivity Check Task

Time (s): cpu = 00:00:00 ; elapsed = 00:00:00.007 . Memory (MB): peak = 1973.980 ; gain = 0.000
Phase 9.2 Verifying Netlist Connectivity | Checksum: 1ff2aadae

Time (s): cpu = 00:00:01 ; elapsed = 00:00:00.935 . Memory (MB): peak = 1973.980 ; gain = 96.898
Phase 9 Finalization | Checksum: 1ff2aadae

Time (s): cpu = 00:00:01 ; elapsed = 00:00:00.935 . Memory (MB): peak = 1973.980 ; gain = 96.898
Opt_design Change Summary
=========================


-------------------------------------------------------------------------------------------------------------------------
|  Phase                        |  #Cells created  |  #Cells Removed  |  #Constrained objects preventing optimizations  |
-------------------------------------------------------------------------------------------------------------------------
|  Retarget                     |               0  |              50  |                                              1  |
|  Constant propagation         |               0  |               0  |                                              0  |
|  Sweep                        |               0  |               0  |                                              0  |
|  BUFG optimization            |               0  |               0  |                                              0  |
|  Shift Register Optimization  |               0  |               0  |                                              0  |
|  Post Processing Netlist      |               0  |               0  |                                              0  |
-------------------------------------------------------------------------------------------------------------------------


Ending Logic Optimization Task | Checksum: 1ff2aadae

Time (s): cpu = 00:00:01 ; elapsed = 00:00:00.937 . Memory (MB): peak = 1973.980 ; gain = 96.898
INFO: [Constraints 18-11670] Building netlist checker database with flags, 0x8
Done building netlist checker database: Time (s): cpu = 00:00:00 ; elapsed = 00:00:00.001 . Memory (MB): peak = 1973.980 ; gain = 0.000

Starting Netlist Obfuscation Task
Netlist sorting complete. Time (s): cpu = 00:00:00 ; elapsed = 00:00:00.001 . Memory (MB): peak = 1973.980 ; gain = 0.000
Ending Netlist Obfuscation Task | Checksum: 1ff2aadae

Time (s): cpu = 00:00:00 ; elapsed = 00:00:00.002 . Memory (MB): peak = 1973.980 ; gain = 0.000
INFO: [Common 17-83] Releasing license: Implementation
31 Infos, 1 Warnings, 0 Critical Warnings and 0 Errors encountered.
opt_design completed successfully
INFO: [runtcl-4] Executing : report_drc -file miniRV_SoC_drc_opted.rpt -pb miniRV_SoC_drc_opted.pb -rpx miniRV_SoC_drc_opted.rpx
Command: report_drc -file miniRV_SoC_drc_opted.rpt -pb miniRV_SoC_drc_opted.pb -rpx miniRV_SoC_drc_opted.rpx
INFO: [IP_Flow 19-1839] IP Catalog is up to date.
INFO: [DRC 23-27] Running DRC with 2 threads
INFO: [Vivado_Tcl 2-168] The results of DRC are in file D:/miniRV_CTEST_CoreMark_v8/miniRV_lab2_C_TEST0-4_CoreMark_50MHz_v8_MEM_handshake_fixed/miniRV_complete/vivado_c_test_board_50MHz/miniRV_c_test_board_50MHz.runs/impl_1/miniRV_SoC_drc_opted.rpt.
report_drc completed successfully
INFO: [Timing 38-480] Writing timing data to binary archive.
Write ShapeDB Complete: Time (s): cpu = 00:00:00 ; elapsed = 00:00:00.006 . Memory (MB): peak = 1973.980 ; gain = 0.000
Wrote PlaceDB: Time (s): cpu = 00:00:00 ; elapsed = 00:00:00.003 . Memory (MB): peak = 1973.980 ; gain = 0.000
Wrote PulsedLatchDB: Time (s): cpu = 00:00:00 ; elapsed = 00:00:00 . Memory (MB): peak = 1973.980 ; gain = 0.000
Writing XDEF routing.
Writing XDEF routing logical nets.
Writing XDEF routing special nets.
Wrote RouteStorage: Time (s): cpu = 00:00:00 ; elapsed = 00:00:00.017 . Memory (MB): peak = 1973.980 ; gain = 0.000
Wrote Netlist Cache: Time (s): cpu = 00:00:00 ; elapsed = 00:00:00 . Memory (MB): peak = 1973.980 ; gain = 0.000
Wrote Device Cache: Time (s): cpu = 00:00:00 ; elapsed = 00:00:00.005 . Memory (MB): peak = 1973.980 ; gain = 0.000
Write Physdb Complete: Time (s): cpu = 00:00:00 ; elapsed = 00:00:00.031 . Memory (MB): peak = 1973.980 ; gain = 0.000
INFO: [Common 17-1381] The checkpoint 'D:/miniRV_CTEST_CoreMark_v8/miniRV_lab2_C_TEST0-4_CoreMark_50MHz_v8_MEM_handshake_fixed/miniRV_complete/vivado_c_test_board_50MHz/miniRV_c_test_board_50MHz.runs/impl_1/miniRV_SoC_opt.dcp' has been generated.
Command: place_design -directive Explore
Attempting to get a license for feature 'Implementation' and/or device 'xc7a35t'
INFO: [Common 17-349] Got license for feature 'Implementation' and/or device 'xc7a35t'
INFO: [Common 17-83] Releasing license: Implementation
INFO: [DRC 23-27] Running DRC with 2 threads
INFO: [Vivado_Tcl 4-198] DRC finished with 0 Errors
INFO: [Vivado_Tcl 4-199] Please refer to the DRC report (report_drc) for more information.
Running DRC as a precondition to command place_design
INFO: [DRC 23-27] Running DRC with 2 threads
INFO: [Vivado_Tcl 4-198] DRC finished with 0 Errors, 21 Warnings
INFO: [Vivado_Tcl 4-199] Please refer to the DRC report (report_drc) for more information.
INFO: [Place 46-5] The placer was invoked with the 'Explore' directive.
INFO: [Place 30-611] Multithreading enabled for place_design using a maximum of 2 CPUs

Starting Placer Task

Phase 1 Placer Initialization

Phase 1.1 Placer Initialization Netlist Sorting
Netlist sorting complete. Time (s): cpu = 00:00:00 ; elapsed = 00:00:00.002 . Memory (MB): peak = 1973.980 ; gain = 0.000
Phase 1.1 Placer Initialization Netlist Sorting | Checksum: 112937d77

Time (s): cpu = 00:00:00 ; elapsed = 00:00:00.003 . Memory (MB): peak = 1973.980 ; gain = 0.000
Netlist sorting complete. Time (s): cpu = 00:00:00 ; elapsed = 00:00:00.001 . Memory (MB): peak = 1973.980 ; gain = 0.000

Phase 1.2 IO Placement/ Clock Placement/ Build Placer Device
INFO: [Timing 38-35] Done setting XDC timing constraints.
Phase 1.2 IO Placement/ Clock Placement/ Build Placer Device | Checksum: c6d0a416

Time (s): cpu = 00:00:01 ; elapsed = 00:00:00.572 . Memory (MB): peak = 1973.980 ; gain = 0.000

Phase 1.3 Build Placer Netlist Model
Phase 1.3 Build Placer Netlist Model | Checksum: 1ad5409b1

Time (s): cpu = 00:00:03 ; elapsed = 00:00:02 . Memory (MB): peak = 1973.980 ; gain = 0.000

Phase 1.4 Constrain Clocks/Macros
Phase 1.4 Constrain Clocks/Macros | Checksum: 1ad5409b1

Time (s): cpu = 00:00:03 ; elapsed = 00:00:02 . Memory (MB): peak = 1973.980 ; gain = 0.000
Phase 1 Placer Initialization | Checksum: 1ad5409b1

Time (s): cpu = 00:00:03 ; elapsed = 00:00:02 . Memory (MB): peak = 1973.980 ; gain = 0.000

Phase 2 Global Placement

Phase 2.1 Floorplanning
Phase 2.1 Floorplanning | Checksum: 18363c32d

Time (s): cpu = 00:00:04 ; elapsed = 00:00:02 . Memory (MB): peak = 1973.980 ; gain = 0.000

Phase 2.2 Update Timing before SLR Path Opt
Phase 2.2 Update Timing before SLR Path Opt | Checksum: 14440d167

Time (s): cpu = 00:00:04 ; elapsed = 00:00:03 . Memory (MB): peak = 1973.980 ; gain = 0.000

Phase 2.3 Post-Processing in Floorplanning
Phase 2.3 Post-Processing in Floorplanning | Checksum: 14440d167

Time (s): cpu = 00:00:04 ; elapsed = 00:00:03 . Memory (MB): peak = 1973.980 ; gain = 0.000

Phase 2.4 Global Placement Core

Phase 2.4.1 UpdateTiming Before Physical Synthesis
Phase 2.4.1 UpdateTiming Before Physical Synthesis | Checksum: 205f45bf3

Time (s): cpu = 00:00:11 ; elapsed = 00:00:06 . Memory (MB): peak = 1973.980 ; gain = 0.000

Phase 2.4.2 Physical Synthesis In Placer
INFO: [Physopt 32-1035] Found 0 LUTNM shape to break, 567 LUT instances to create LUTNM shape
INFO: [Physopt 32-1044] Break lutnm for timing: one critical 0, two critical 0, total 0, new lutff created 0
INFO: [Physopt 32-1138] End 1 Pass. Optimized 219 nets or LUTs. Breaked 0 LUT, combined 219 existing LUTs and moved 0 existing LUT
INFO: [Physopt 32-65] No nets found for high-fanout optimization.
INFO: [Physopt 32-232] Optimized 0 net. Created 0 new instance.
INFO: [Physopt 32-775] End 1 Pass. Optimized 0 net or cell. Created 0 new cell, deleted 0 existing cell and moved 0 existing cell
INFO: [Physopt 32-670] No setup violation found.  DSP Register Optimization was not performed.
INFO: [Physopt 32-670] No setup violation found.  Shift Register to Pipeline Optimization was not performed.
INFO: [Physopt 32-670] No setup violation found.  Shift Register Optimization was not performed.
INFO: [Physopt 32-670] No setup violation found.  BRAM Register Optimization was not performed.
INFO: [Physopt 32-670] No setup violation found.  URAM Register Optimization was not performed.
INFO: [Physopt 32-949] No candidate nets found for dynamic/static region interface net replication
INFO: [Physopt 32-775] End 1 Pass. Optimized 0 net or cell. Created 0 new cell, deleted 0 existing cell and moved 0 existing cell
Netlist sorting complete. Time (s): cpu = 00:00:00 ; elapsed = 00:00:00.002 . Memory (MB): peak = 1973.980 ; gain = 0.000

Summary of Physical Synthesis Optimizations
============================================


-----------------------------------------------------------------------------------------------------------------------------------------------------------
|  Optimization                                     |  Added Cells  |  Removed Cells  |  Optimized Cells/Nets  |  Dont Touch  |  Iterations  |  Elapsed   |
-----------------------------------------------------------------------------------------------------------------------------------------------------------
|  LUT Combining                                    |            0  |            219  |                   219  |           0  |           1  |  00:00:00  |
|  Retime                                           |            0  |              0  |                     0  |           0  |           1  |  00:00:00  |
|  Very High Fanout                                 |            0  |              0  |                     0  |           0  |           1  |  00:00:00  |
|  DSP Register                                     |            0  |              0  |                     0  |           0  |           0  |  00:00:00  |
|  Shift Register to Pipeline                       |            0  |              0  |                     0  |           0  |           0  |  00:00:00  |
|  Shift Register                                   |            0  |              0  |                     0  |           0  |           0  |  00:00:00  |
|  BRAM Register                                    |            0  |              0  |                     0  |           0  |           0  |  00:00:00  |
|  URAM Register                                    |            0  |              0  |                     0  |           0  |           0  |  00:00:00  |
|  Dynamic/Static Region Interface Net Replication  |            0  |              0  |                     0  |           0  |           1  |  00:00:00  |
|  Total                                            |            0  |            219  |                   219  |           0  |           4  |  00:00:00  |
-----------------------------------------------------------------------------------------------------------------------------------------------------------


Phase 2.4.2 Physical Synthesis In Placer | Checksum: 18f2c7bd3

Time (s): cpu = 00:00:12 ; elapsed = 00:00:07 . Memory (MB): peak = 1973.980 ; gain = 0.000
Phase 2.4 Global Placement Core | Checksum: 19d2cb12f

Time (s): cpu = 00:00:13 ; elapsed = 00:00:07 . Memory (MB): peak = 1973.980 ; gain = 0.000
Phase 2 Global Placement | Checksum: 19d2cb12f

Time (s): cpu = 00:00:13 ; elapsed = 00:00:07 . Memory (MB): peak = 1973.980 ; gain = 0.000

Phase 3 Detail Placement

Phase 3.1 Commit Multi Column Macros
Phase 3.1 Commit Multi Column Macros | Checksum: 1efadab9c

Time (s): cpu = 00:00:14 ; elapsed = 00:00:08 . Memory (MB): peak = 1973.980 ; gain = 0.000

Phase 3.2 Commit Most Macros & LUTRAMs
Phase 3.2 Commit Most Macros & LUTRAMs | Checksum: 19d529e60

Time (s): cpu = 00:00:15 ; elapsed = 00:00:08 . Memory (MB): peak = 1973.980 ; gain = 0.000

Phase 3.3 Area Swap Optimization
Phase 3.3 Area Swap Optimization | Checksum: f96e20b3

Time (s): cpu = 00:00:15 ; elapsed = 00:00:09 . Memory (MB): peak = 1973.980 ; gain = 0.000

Phase 3.4 Pipeline Register Optimization
Phase 3.4 Pipeline Register Optimization | Checksum: 1a35bfc5b

Time (s): cpu = 00:00:15 ; elapsed = 00:00:09 . Memory (MB): peak = 1973.980 ; gain = 0.000

Phase 3.5 Small Shape Detail Placement
Phase 3.5 Small Shape Detail Placement | Checksum: dbdc61e8

Time (s): cpu = 00:00:17 ; elapsed = 00:00:10 . Memory (MB): peak = 1973.980 ; gain = 0.000

Phase 3.6 Re-assign LUT pins
Phase 3.6 Re-assign LUT pins | Checksum: 163a06a7a

Time (s): cpu = 00:00:17 ; elapsed = 00:00:11 . Memory (MB): peak = 1973.980 ; gain = 0.000

Phase 3.7 Pipeline Register Optimization
Phase 3.7 Pipeline Register Optimization | Checksum: fdaaa6d2

Time (s): cpu = 00:00:17 ; elapsed = 00:00:11 . Memory (MB): peak = 1973.980 ; gain = 0.000
Phase 3 Detail Placement | Checksum: fdaaa6d2

Time (s): cpu = 00:00:17 ; elapsed = 00:00:11 . Memory (MB): peak = 1973.980 ; gain = 0.000

Phase 4 Post Placement Optimization and Clean-Up

Phase 4.1 Post Commit Optimization
INFO: [Timing 38-35] Done setting XDC timing constraints.

Phase 4.1.1 Post Placement Optimization
Post Placement Optimization Initialization | Checksum: fb9a85fa

Phase 4.1.1.1 BUFG Insertion

Starting Physical Synthesis Task

Phase 1 Physical Synthesis Initialization
INFO: [Physopt 32-721] Multithreading enabled for phys_opt_design using a maximum of 2 CPUs
INFO: [Physopt 32-619] Estimated Timing Summary | WNS=1.341 | TNS=0.000 |
Phase 1 Physical Synthesis Initialization | Checksum: 1bf304936

Time (s): cpu = 00:00:00 ; elapsed = 00:00:00.315 . Memory (MB): peak = 1973.980 ; gain = 0.000
INFO: [Place 46-33] Processed net rst_sync[1], BUFG insertion was skipped due to placement/routing conflicts.
INFO: [Place 46-56] BUFG insertion identified 1 candidate nets. Inserted BUFG: 0, Replicated BUFG Driver: 0, Skipped due to Placement/Routing Conflicts: 1, Skipped due to Timing Degradation: 0, Skipped due to netlist editing failed: 0.
Ending Physical Synthesis Task | Checksum: 1bf304936

Time (s): cpu = 00:00:00 ; elapsed = 00:00:00.564 . Memory (MB): peak = 1973.980 ; gain = 0.000
Phase 4.1.1.1 BUFG Insertion | Checksum: fb9a85fa

Time (s): cpu = 00:00:20 ; elapsed = 00:00:13 . Memory (MB): peak = 1973.980 ; gain = 0.000

Phase 4.1.1.2 Post Placement Timing Optimization
INFO: [Place 30-746] Post Placement Timing Summary WNS=1.341. For the most accurate timing information please run report_timing.
Phase 4.1.1.2 Post Placement Timing Optimization | Checksum: d7c4353f

Time (s): cpu = 00:00:20 ; elapsed = 00:00:13 . Memory (MB): peak = 1973.980 ; gain = 0.000

Time (s): cpu = 00:00:20 ; elapsed = 00:00:13 . Memory (MB): peak = 1973.980 ; gain = 0.000
Phase 4.1 Post Commit Optimization | Checksum: d7c4353f

Time (s): cpu = 00:00:20 ; elapsed = 00:00:13 . Memory (MB): peak = 1973.980 ; gain = 0.000

Phase 4.2 Post Placement Cleanup
Phase 4.2 Post Placement Cleanup | Checksum: d7c4353f

Time (s): cpu = 00:00:20 ; elapsed = 00:00:13 . Memory (MB): peak = 1973.980 ; gain = 0.000

Phase 4.3 Placer Reporting

Phase 4.3.1 Print Estimated Congestion
INFO: [Place 30-612] Post-Placement Estimated Congestion 
 ____________________________________________________
|           | Global Congestion | Short Congestion  |
| Direction | Region Size       | Region Size       |
|___________|___________________|___________________|
|      North|                1x1|                2x2|
|___________|___________________|___________________|
|      South|                1x1|                1x1|
|___________|___________________|___________________|
|       East|                1x1|                1x1|
|___________|___________________|___________________|
|       West|                1x1|                1x1|
|___________|___________________|___________________|

Phase 4.3.1 Print Estimated Congestion | Checksum: d7c4353f

Time (s): cpu = 00:00:21 ; elapsed = 00:00:13 . Memory (MB): peak = 1973.980 ; gain = 0.000
Phase 4.3 Placer Reporting | Checksum: d7c4353f

Time (s): cpu = 00:00:21 ; elapsed = 00:00:13 . Memory (MB): peak = 1973.980 ; gain = 0.000

Phase 4.4 Final Placement Cleanup
Netlist sorting complete. Time (s): cpu = 00:00:00 ; elapsed = 00:00:00.002 . Memory (MB): peak = 1973.980 ; gain = 0.000

Time (s): cpu = 00:00:21 ; elapsed = 00:00:13 . Memory (MB): peak = 1973.980 ; gain = 0.000
Phase 4 Post Placement Optimization and Clean-Up | Checksum: edcb9d11

Time (s): cpu = 00:00:21 ; elapsed = 00:00:13 . Memory (MB): peak = 1973.980 ; gain = 0.000
Ending Placer Task | Checksum: e8a080d1

Time (s): cpu = 00:00:21 ; elapsed = 00:00:13 . Memory (MB): peak = 1973.980 ; gain = 0.000
68 Infos, 1 Warnings, 0 Critical Warnings and 0 Errors encountered.
place_design completed successfully
place_design: Time (s): cpu = 00:00:22 ; elapsed = 00:00:14 . Memory (MB): peak = 1973.980 ; gain = 0.000
INFO: [runtcl-4] Executing : report_io -file miniRV_SoC_io_placed.rpt
report_io: Time (s): cpu = 00:00:00 ; elapsed = 00:00:00.057 . Memory (MB): peak = 1973.980 ; gain = 0.000
INFO: [runtcl-4] Executing : report_utilization -file miniRV_SoC_utilization_placed.rpt -pb miniRV_SoC_utilization_placed.pb
INFO: [runtcl-4] Executing : report_control_sets -verbose -file miniRV_SoC_control_sets_placed.rpt
report_control_sets: Time (s): cpu = 00:00:00 ; elapsed = 00:00:00.017 . Memory (MB): peak = 1973.980 ; gain = 0.000
INFO: [Timing 38-480] Writing timing data to binary archive.
Write ShapeDB Complete: Time (s): cpu = 00:00:00 ; elapsed = 00:00:00.013 . Memory (MB): peak = 1976.258 ; gain = 0.016
Wrote PlaceDB: Time (s): cpu = 00:00:01 ; elapsed = 00:00:00.369 . Memory (MB): peak = 1976.258 ; gain = 0.000
Wrote PulsedLatchDB: Time (s): cpu = 00:00:00 ; elapsed = 00:00:00 . Memory (MB): peak = 1976.258 ; gain = 0.000
Writing XDEF routing.
Writing XDEF routing logical nets.
Writing XDEF routing special nets.
Wrote RouteStorage: Time (s): cpu = 00:00:00 ; elapsed = 00:00:00.016 . Memory (MB): peak = 1976.258 ; gain = 0.000
Wrote Netlist Cache: Time (s): cpu = 00:00:00 ; elapsed = 00:00:00.007 . Memory (MB): peak = 1976.258 ; gain = 0.000
Wrote Device Cache: Time (s): cpu = 00:00:00 ; elapsed = 00:00:00.004 . Memory (MB): peak = 1976.258 ; gain = 0.000
Write Physdb Complete: Time (s): cpu = 00:00:01 ; elapsed = 00:00:00.404 . Memory (MB): peak = 1976.258 ; gain = 0.016
INFO: [Common 17-1381] The checkpoint 'D:/miniRV_CTEST_CoreMark_v8/miniRV_lab2_C_TEST0-4_CoreMark_50MHz_v8_MEM_handshake_fixed/miniRV_complete/vivado_c_test_board_50MHz/miniRV_c_test_board_50MHz.runs/impl_1/miniRV_SoC_placed.dcp' has been generated.
Command: phys_opt_design -directive Explore
Attempting to get a license for feature 'Implementation' and/or device 'xc7a35t'
INFO: [Common 17-349] Got license for feature 'Implementation' and/or device 'xc7a35t'
INFO: [Vivado_Tcl 4-137] Directive used for phys_opt_design is: Explore

Starting Initial Update Timing Task

Time (s): cpu = 00:00:02 ; elapsed = 00:00:01 . Memory (MB): peak = 1995.316 ; gain = 18.980
INFO: [Vivado_Tcl 4-383] Design worst setup slack (WNS) is greater than or equal to 0.000 ns. Skipping all physical synthesis optimizations.
INFO: [Vivado_Tcl 4-232] No setup violation found. The netlist was not modified.
INFO: [Common 17-83] Releasing license: Implementation
78 Infos, 1 Warnings, 0 Critical Warnings and 0 Errors encountered.
phys_opt_design completed successfully
INFO: [Timing 38-480] Writing timing data to binary archive.
Write ShapeDB Complete: Time (s): cpu = 00:00:00 ; elapsed = 00:00:00.013 . Memory (MB): peak = 2020.660 ; gain = 7.074
Wrote PlaceDB: Time (s): cpu = 00:00:01 ; elapsed = 00:00:00.365 . Memory (MB): peak = 2020.660 ; gain = 0.000
Wrote PulsedLatchDB: Time (s): cpu = 00:00:00 ; elapsed = 00:00:00 . Memory (MB): peak = 2020.660 ; gain = 0.000
Writing XDEF routing.
Writing XDEF routing logical nets.
Writing XDEF routing special nets.
Wrote RouteStorage: Time (s): cpu = 00:00:00 ; elapsed = 00:00:00.016 . Memory (MB): peak = 2020.660 ; gain = 0.000
Wrote Netlist Cache: Time (s): cpu = 00:00:00 ; elapsed = 00:00:00.007 . Memory (MB): peak = 2020.660 ; gain = 0.000
Wrote Device Cache: Time (s): cpu = 00:00:00 ; elapsed = 00:00:00.004 . Memory (MB): peak = 2020.660 ; gain = 0.000
Write Physdb Complete: Time (s): cpu = 00:00:01 ; elapsed = 00:00:00.401 . Memory (MB): peak = 2020.660 ; gain = 7.074
INFO: [Common 17-1381] The checkpoint 'D:/miniRV_CTEST_CoreMark_v8/miniRV_lab2_C_TEST0-4_CoreMark_50MHz_v8_MEM_handshake_fixed/miniRV_complete/vivado_c_test_board_50MHz/miniRV_c_test_board_50MHz.runs/impl_1/miniRV_SoC_physopt.dcp' has been generated.
Command: route_design -directive Explore -tns_cleanup
Attempting to get a license for feature 'Implementation' and/or device 'xc7a35t'
INFO: [Common 17-349] Got license for feature 'Implementation' and/or device 'xc7a35t'
Running DRC as a precondition to command route_design
INFO: [DRC 23-27] Running DRC with 2 threads
INFO: [Vivado_Tcl 4-198] DRC finished with 0 Errors
INFO: [Vivado_Tcl 4-199] Please refer to the DRC report (report_drc) for more information.


Starting Routing Task
INFO: [Route 35-270] Using Router directive 'Explore'.
INFO: [Route 35-254] Multithreading enabled for route_design using a maximum of 8 CPUs

Phase 1 Build RT Design
Checksum: PlaceDB: cb43dc91 ConstDB: 0 ShapeSum: 1d5ca440 RouteDB: 0
Post Restoration Checksum: NetGraph: 89e90ffa | NumContArr: aea32dc5 | Constraints: c2a8fa9d | Timing: c2a8fa9d
Phase 1 Build RT Design | Checksum: 2bdde32f9

Time (s): cpu = 00:00:21 ; elapsed = 00:00:18 . Memory (MB): peak = 2151.047 ; gain = 114.273

Phase 2 Router Initialization

Phase 2.1 Fix Topology Constraints
Phase 2.1 Fix Topology Constraints | Checksum: 2bdde32f9

Time (s): cpu = 00:00:21 ; elapsed = 00:00:18 . Memory (MB): peak = 2151.047 ; gain = 114.273

Phase 2.2 Pre Route Cleanup
Phase 2.2 Pre Route Cleanup | Checksum: 2bdde32f9

Time (s): cpu = 00:00:21 ; elapsed = 00:00:18 . Memory (MB): peak = 2151.047 ; gain = 114.273
 Number of Nodes with overlaps = 0

Phase 2.3 Update Timing
Phase 2.3 Update Timing | Checksum: 1c74e6dda

Time (s): cpu = 00:00:24 ; elapsed = 00:00:20 . Memory (MB): peak = 2166.316 ; gain = 129.543
INFO: [Route 35-416] Intermediate Timing Summary | WNS=1.857  | TNS=0.000  | WHS=-0.202 | THS=-110.254|


Router Utilization Summary
  Global Vertical Routing Utilization    = 0 %
  Global Horizontal Routing Utilization  = 0 %
  Routable Net Status*
  *Does not include unroutable nets such as driverless and loadless.
  Run report_route_status for detailed report.
  Number of Failed Nets               = 5767
    (Failed Nets is the sum of unrouted and partially routed nets)
  Number of Unrouted Nets             = 5767
  Number of Partially Routed Nets     = 0
  Number of Node Overlaps             = 0

Phase 2 Router Initialization | Checksum: 1f5bd6c06

Time (s): cpu = 00:00:25 ; elapsed = 00:00:21 . Memory (MB): peak = 2185.168 ; gain = 148.395

Phase 3 Initial Routing

Phase 3.1 Global Routing
Phase 3.1 Global Routing | Checksum: 1f5bd6c06

Time (s): cpu = 00:00:25 ; elapsed = 00:00:21 . Memory (MB): peak = 2185.168 ; gain = 148.395

Phase 3.2 Initial Net Routing
Phase 3.2 Initial Net Routing | Checksum: 264068608

Time (s): cpu = 00:00:28 ; elapsed = 00:00:22 . Memory (MB): peak = 2186.871 ; gain = 150.098
Phase 3 Initial Routing | Checksum: 264068608

Time (s): cpu = 00:00:28 ; elapsed = 00:00:22 . Memory (MB): peak = 2186.871 ; gain = 150.098

Phase 4 Rip-up And Reroute

Phase 4.1 Global Iteration 0
 Number of Nodes with overlaps = 953
 Number of Nodes with overlaps = 257
 Number of Nodes with overlaps = 129
 Number of Nodes with overlaps = 72
 Number of Nodes with overlaps = 32
 Number of Nodes with overlaps = 16
 Number of Nodes with overlaps = 11
 Number of Nodes with overlaps = 9
 Number of Nodes with overlaps = 4
 Number of Nodes with overlaps = 0
INFO: [Route 35-416] Intermediate Timing Summary | WNS=0.864  | TNS=0.000  | WHS=N/A    | THS=N/A    |

Phase 4.1 Global Iteration 0 | Checksum: 2dc3d7ecb

Time (s): cpu = 00:00:44 ; elapsed = 00:00:34 . Memory (MB): peak = 2186.871 ; gain = 150.098
Phase 4 Rip-up And Reroute | Checksum: 2dc3d7ecb

Time (s): cpu = 00:00:44 ; elapsed = 00:00:34 . Memory (MB): peak = 2186.871 ; gain = 150.098

Phase 5 Delay and Skew Optimization

Phase 5.1 TNS Cleanup

Phase 5.1.1 Delay CleanUp

Phase 5.1.1.1 Update Timing
Phase 5.1.1.1 Update Timing | Checksum: 246b17585

Time (s): cpu = 00:00:45 ; elapsed = 00:00:34 . Memory (MB): peak = 2186.871 ; gain = 150.098
INFO: [Route 35-416] Intermediate Timing Summary | WNS=0.872  | TNS=0.000  | WHS=N/A    | THS=N/A    |

Phase 5.1.1 Delay CleanUp | Checksum: 246b17585

Time (s): cpu = 00:00:45 ; elapsed = 00:00:34 . Memory (MB): peak = 2186.871 ; gain = 150.098
Phase 5.1 TNS Cleanup | Checksum: 246b17585

Time (s): cpu = 00:00:45 ; elapsed = 00:00:34 . Memory (MB): peak = 2186.871 ; gain = 150.098

Phase 5.2 Clock Skew Optimization
Phase 5.2 Clock Skew Optimization | Checksum: 246b17585

Time (s): cpu = 00:00:45 ; elapsed = 00:00:34 . Memory (MB): peak = 2186.871 ; gain = 150.098
Phase 5 Delay and Skew Optimization | Checksum: 246b17585

Time (s): cpu = 00:00:45 ; elapsed = 00:00:34 . Memory (MB): peak = 2186.871 ; gain = 150.098

Phase 6 Post Hold Fix

Phase 6.1 Hold Fix Iter

Phase 6.1.1 Update Timing
Phase 6.1.1 Update Timing | Checksum: 2748e07d5

Time (s): cpu = 00:00:45 ; elapsed = 00:00:35 . Memory (MB): peak = 2186.871 ; gain = 150.098
INFO: [Route 35-416] Intermediate Timing Summary | WNS=0.872  | TNS=0.000  | WHS=0.025  | THS=0.000  |

Phase 6.1 Hold Fix Iter | Checksum: 30b11e864

Time (s): cpu = 00:00:46 ; elapsed = 00:00:35 . Memory (MB): peak = 2186.871 ; gain = 150.098
Phase 6 Post Hold Fix | Checksum: 30b11e864

Time (s): cpu = 00:00:46 ; elapsed = 00:00:35 . Memory (MB): peak = 2186.871 ; gain = 150.098

Phase 7 Route finalize

Router Utilization Summary
  Global Vertical Routing Utilization    = 2.79255 %
  Global Horizontal Routing Utilization  = 3.27993 %
  Routable Net Status*
  *Does not include unroutable nets such as driverless and loadless.
  Run report_route_status for detailed report.
  Number of Failed Nets               = 0
    (Failed Nets is the sum of unrouted and partially routed nets)
  Number of Unrouted Nets             = 0
  Number of Partially Routed Nets     = 0
  Number of Node Overlaps             = 0

Phase 7 Route finalize | Checksum: 30b11e864

Time (s): cpu = 00:00:46 ; elapsed = 00:00:35 . Memory (MB): peak = 2186.871 ; gain = 150.098

Phase 8 Verifying routed nets

 Verification completed successfully
Phase 8 Verifying routed nets | Checksum: 30b11e864

Time (s): cpu = 00:00:46 ; elapsed = 00:00:35 . Memory (MB): peak = 2186.871 ; gain = 150.098

Phase 9 Depositing Routes
Phase 9 Depositing Routes | Checksum: 30076babd

Time (s): cpu = 00:00:46 ; elapsed = 00:00:35 . Memory (MB): peak = 2186.871 ; gain = 150.098

Phase 10 Post Router Timing
INFO: [Route 35-20] Post Routing Timing Summary | WNS=0.869  | TNS=0.000  | WHS=0.025  | THS=0.000  |

Phase 10 Post Router Timing | Checksum: 232bfb6b8

Time (s): cpu = 00:00:49 ; elapsed = 00:00:36 . Memory (MB): peak = 2187.996 ; gain = 151.223
INFO: [Route 35-61] The design met the timing requirement.
INFO: [Route 35-16] Router Completed Successfully

Phase 11 Post-Route Event Processing
Phase 11 Post-Route Event Processing | Checksum: 1c5b44df5

Time (s): cpu = 00:00:49 ; elapsed = 00:00:36 . Memory (MB): peak = 2187.996 ; gain = 151.223
Ending Routing Task | Checksum: 1c5b44df5

Time (s): cpu = 00:00:49 ; elapsed = 00:00:37 . Memory (MB): peak = 2187.996 ; gain = 151.223

Routing Is Done.
INFO: [Common 17-83] Releasing license: Implementation
94 Infos, 1 Warnings, 0 Critical Warnings and 0 Errors encountered.
route_design completed successfully
route_design: Time (s): cpu = 00:00:51 ; elapsed = 00:00:38 . Memory (MB): peak = 2187.996 ; gain = 167.336
INFO: [runtcl-4] Executing : report_drc -file miniRV_SoC_drc_routed.rpt -pb miniRV_SoC_drc_routed.pb -rpx miniRV_SoC_drc_routed.rpx
Command: report_drc -file miniRV_SoC_drc_routed.rpt -pb miniRV_SoC_drc_routed.pb -rpx miniRV_SoC_drc_routed.rpx
INFO: [IP_Flow 19-1839] IP Catalog is up to date.
INFO: [DRC 23-27] Running DRC with 2 threads
INFO: [Vivado_Tcl 2-168] The results of DRC are in file D:/miniRV_CTEST_CoreMark_v8/miniRV_lab2_C_TEST0-4_CoreMark_50MHz_v8_MEM_handshake_fixed/miniRV_complete/vivado_c_test_board_50MHz/miniRV_c_test_board_50MHz.runs/impl_1/miniRV_SoC_drc_routed.rpt.
report_drc completed successfully
INFO: [runtcl-4] Executing : report_methodology -file miniRV_SoC_methodology_drc_routed.rpt -pb miniRV_SoC_methodology_drc_routed.pb -rpx miniRV_SoC_methodology_drc_routed.rpx
Command: report_methodology -file miniRV_SoC_methodology_drc_routed.rpt -pb miniRV_SoC_methodology_drc_routed.pb -rpx miniRV_SoC_methodology_drc_routed.rpx
INFO: [Timing 38-35] Done setting XDC timing constraints.
INFO: [DRC 23-133] Running Methodology with 2 threads
INFO: [Vivado_Tcl 2-1520] The results of Report Methodology are in file D:/miniRV_CTEST_CoreMark_v8/miniRV_lab2_C_TEST0-4_CoreMark_50MHz_v8_MEM_handshake_fixed/miniRV_complete/vivado_c_test_board_50MHz/miniRV_c_test_board_50MHz.runs/impl_1/miniRV_SoC_methodology_drc_routed.rpt.
report_methodology completed successfully
INFO: [runtcl-4] Executing : report_power -file miniRV_SoC_power_routed.rpt -pb miniRV_SoC_power_summary_routed.pb -rpx miniRV_SoC_power_routed.rpx
Command: report_power -file miniRV_SoC_power_routed.rpt -pb miniRV_SoC_power_summary_routed.pb -rpx miniRV_SoC_power_routed.rpx
INFO: [Timing 38-35] Done setting XDC timing constraints.
Running Vector-less Activity Propagation...

Finished Running Vector-less Activity Propagation
WARNING: [Power 33-332] Found switching activity that implies high-fanout reset nets being asserted for excessive periods of time which may result in inaccurate power analysis.
Resolution: To review and fix problems, please run Power Constraints Advisor in the GUI from Tools > Power Constraints Advisor or run report_power with the -advisory option to generate a text report.
104 Infos, 2 Warnings, 0 Critical Warnings and 0 Errors encountered.
report_power completed successfully
INFO: [runtcl-4] Executing : report_route_status -file miniRV_SoC_route_status.rpt -pb miniRV_SoC_route_status.pb
INFO: [runtcl-4] Executing : report_timing_summary -max_paths 10 -report_unconstrained -file miniRV_SoC_timing_summary_routed.rpt -pb miniRV_SoC_timing_summary_routed.pb -rpx miniRV_SoC_timing_summary_routed.rpx
INFO: [Timing 38-91] UpdateTimingParams: Speed grade: -1, Delay Type: min_max.
INFO: [Timing 38-191] Multithreading enabled for timing update using a maximum of 2 CPUs
INFO: [runtcl-4] Executing : report_incremental_reuse -file miniRV_SoC_incremental_reuse_routed.rpt
INFO: [Vivado_Tcl 4-1062] Incremental flow is disabled. No incremental reuse Info to report.
INFO: [runtcl-4] Executing : report_clock_utilization -file miniRV_SoC_clock_utilization_routed.rpt
INFO: [runtcl-4] Executing : report_bus_skew -warn_on_violation -file miniRV_SoC_bus_skew_routed.rpt -pb miniRV_SoC_bus_skew_routed.pb -rpx miniRV_SoC_bus_skew_routed.rpx
INFO: [Timing 38-91] UpdateTimingParams: Speed grade: -1, Delay Type: min_max.
INFO: [Timing 38-191] Multithreading enabled for timing update using a maximum of 2 CPUs
INFO: [Timing 38-480] Writing timing data to binary archive.
Write ShapeDB Complete: Time (s): cpu = 00:00:00 ; elapsed = 00:00:00.013 . Memory (MB): peak = 2187.996 ; gain = 0.000
Wrote PlaceDB: Time (s): cpu = 00:00:01 ; elapsed = 00:00:00.404 . Memory (MB): peak = 2187.996 ; gain = 0.000
Wrote PulsedLatchDB: Time (s): cpu = 00:00:00 ; elapsed = 00:00:00 . Memory (MB): peak = 2187.996 ; gain = 0.000
Writing XDEF routing.
Writing XDEF routing logical nets.
Writing XDEF routing special nets.
Wrote RouteStorage: Time (s): cpu = 00:00:00 ; elapsed = 00:00:00.073 . Memory (MB): peak = 2187.996 ; gain = 0.000
Wrote Netlist Cache: Time (s): cpu = 00:00:00 ; elapsed = 00:00:00.007 . Memory (MB): peak = 2187.996 ; gain = 0.000
Wrote Device Cache: Time (s): cpu = 00:00:00 ; elapsed = 00:00:00.005 . Memory (MB): peak = 2187.996 ; gain = 0.000
Write Physdb Complete: Time (s): cpu = 00:00:01 ; elapsed = 00:00:00.495 . Memory (MB): peak = 2187.996 ; gain = 0.000
INFO: [Common 17-1381] The checkpoint 'D:/miniRV_CTEST_CoreMark_v8/miniRV_lab2_C_TEST0-4_CoreMark_50MHz_v8_MEM_handshake_fixed/miniRV_complete/vivado_c_test_board_50MHz/miniRV_c_test_board_50MHz.runs/impl_1/miniRV_SoC_routed.dcp' has been generated.
Command: phys_opt_design -directive Explore
Attempting to get a license for feature 'Implementation' and/or device 'xc7a35t'
INFO: [Common 17-349] Got license for feature 'Implementation' and/or device 'xc7a35t'
INFO: [Vivado_Tcl 4-241] Physical synthesis in post route mode 
INFO: [Vivado_Tcl 4-137] Directive used for phys_opt_design is: Explore

Starting Initial Update Timing Task

Time (s): cpu = 00:00:03 ; elapsed = 00:00:01 . Memory (MB): peak = 2187.996 ; gain = 0.000
INFO: [Vivado_Tcl 4-383] Design worst setup slack (WNS) is greater than or equal to 0.000 ns. Skipping all physical synthesis optimizations.
INFO: [Vivado_Tcl 4-232] No setup violation found. The netlist was not modified.
INFO: [Common 17-83] Releasing license: Implementation
11 Infos, 0 Warnings, 0 Critical Warnings and 0 Errors encountered.
phys_opt_design completed successfully
INFO: [runtcl-4] Executing : report_timing_summary -max_paths 10 -report_unconstrained -warn_on_violation -file miniRV_SoC_timing_summary_postroute_physopted.rpt -pb miniRV_SoC_timing_summary_postroute_physopted.pb -rpx miniRV_SoC_timing_summary_postroute_physopted.rpx
INFO: [Timing 38-91] UpdateTimingParams: Speed grade: -1, Delay Type: min_max.
INFO: [Timing 38-191] Multithreading enabled for timing update using a maximum of 2 CPUs
INFO: [runtcl-4] Executing : report_bus_skew -warn_on_violation -file miniRV_SoC_bus_skew_postroute_physopted.rpt -pb miniRV_SoC_bus_skew_postroute_physopted.pb -rpx miniRV_SoC_bus_skew_postroute_physopted.rpx
INFO: [Timing 38-91] UpdateTimingParams: Speed grade: -1, Delay Type: min_max.
INFO: [Timing 38-191] Multithreading enabled for timing update using a maximum of 2 CPUs
INFO: [Timing 38-480] Writing timing data to binary archive.
Write ShapeDB Complete: Time (s): cpu = 00:00:00 ; elapsed = 00:00:00.013 . Memory (MB): peak = 2187.996 ; gain = 0.000
Wrote PlaceDB: Time (s): cpu = 00:00:01 ; elapsed = 00:00:00.385 . Memory (MB): peak = 2187.996 ; gain = 0.000
Wrote PulsedLatchDB: Time (s): cpu = 00:00:00 ; elapsed = 00:00:00 . Memory (MB): peak = 2187.996 ; gain = 0.000
Writing XDEF routing.
Writing XDEF routing logical nets.
Writing XDEF routing special nets.
Wrote RouteStorage: Time (s): cpu = 00:00:00 ; elapsed = 00:00:00.072 . Memory (MB): peak = 2187.996 ; gain = 0.000
Wrote Netlist Cache: Time (s): cpu = 00:00:00 ; elapsed = 00:00:00.008 . Memory (MB): peak = 2187.996 ; gain = 0.000
Wrote Device Cache: Time (s): cpu = 00:00:00 ; elapsed = 00:00:00.005 . Memory (MB): peak = 2187.996 ; gain = 0.000
Write Physdb Complete: Time (s): cpu = 00:00:01 ; elapsed = 00:00:00.476 . Memory (MB): peak = 2187.996 ; gain = 0.000
INFO: [Common 17-1381] The checkpoint 'D:/miniRV_CTEST_CoreMark_v8/miniRV_lab2_C_TEST0-4_CoreMark_50MHz_v8_MEM_handshake_fixed/miniRV_complete/vivado_c_test_board_50MHz/miniRV_c_test_board_50MHz.runs/impl_1/miniRV_SoC_postroute_physopt.dcp' has been generated.
Command: write_bitstream -force miniRV_SoC.bit
Attempting to get a license for feature 'Implementation' and/or device 'xc7a35t'
INFO: [Common 17-349] Got license for feature 'Implementation' and/or device 'xc7a35t'
Running DRC as a precondition to command write_bitstream
INFO: [IP_Flow 19-1839] IP Catalog is up to date.
INFO: [DRC 23-27] Running DRC with 2 threads
WARNING: [DRC CFGBVS-1] Missing CFGBVS and CONFIG_VOLTAGE Design Properties: Neither the CFGBVS nor CONFIG_VOLTAGE voltage property is set in the current_design.  Configuration bank voltage select (CFGBVS) must be set to VCCO or GND, and CONFIG_VOLTAGE must be set to the correct configuration voltage, in order to determine the I/O voltage support for the pins in bank 0.  It is suggested to specify these either using the 'Edit Device Properties' function in the GUI or directly in the XDC file using the following syntax:

 set_property CFGBVS value1 [current_design]
 #where value1 is either VCCO or GND

 set_property CONFIG_VOLTAGE value2 [current_design]
 #where value2 is the voltage provided to configuration bank 0

Refer to the device configuration user guide for more information.
WARNING: [DRC CHECK-3] Report rule limit reached: REQP-1839 rule limit reached: 20 violations have been found.
WARNING: [DRC REQP-1839] RAMB36 async control check: The RAMB36E1 U_MAIN_MEMORY/mem0_reg_0_0 has an input control pin U_MAIN_MEMORY/mem0_reg_0_0/ADDRARDADDR[10] (net: U_MAIN_MEMORY/awaddr_hold_reg[10]_rep_n_0) which is driven by a register (U_MAIN_MEMORY/awaddr_hold_reg[10]_rep) that has an active asychronous set or reset. This may cause corruption of the memory contents and/or read values when the set/reset is asserted and is not analyzed by the default static timing analysis. It is suggested to eliminate the use of a set/reset to registers driving this RAMB pin or else use a synchronous reset in which the assertion of the reset is timed by default.
WARNING: [DRC REQP-1839] RAMB36 async control check: The RAMB36E1 U_MAIN_MEMORY/mem0_reg_0_0 has an input control pin U_MAIN_MEMORY/mem0_reg_0_0/ADDRARDADDR[11] (net: U_MAIN_MEMORY/awaddr_hold_reg[11]_rep_n_0) which is driven by a register (U_MAIN_MEMORY/awaddr_hold_reg[11]_rep) that has an active asychronous set or reset. This may cause corruption of the memory contents and/or read values when the set/reset is asserted and is not analyzed by the default static timing analysis. It is suggested to eliminate the use of a set/reset to registers driving this RAMB pin or else use a synchronous reset in which the assertion of the reset is timed by default.
WARNING: [DRC REQP-1839] RAMB36 async control check: The RAMB36E1 U_MAIN_MEMORY/mem0_reg_0_0 has an input control pin U_MAIN_MEMORY/mem0_reg_0_0/ADDRARDADDR[12] (net: U_MAIN_MEMORY/awaddr_hold_reg[12]_rep_n_0) which is driven by a register (U_MAIN_MEMORY/awaddr_hold_reg[12]_rep) that has an active asychronous set or reset. This may cause corruption of the memory contents and/or read values when the set/reset is asserted and is not analyzed by the default static timing analysis. It is suggested to eliminate the use of a set/reset to registers driving this RAMB pin or else use a synchronous reset in which the assertion of the reset is timed by default.
WARNING: [DRC REQP-1839] RAMB36 async control check: The RAMB36E1 U_MAIN_MEMORY/mem0_reg_0_0 has an input control pin U_MAIN_MEMORY/mem0_reg_0_0/ADDRARDADDR[13] (net: U_MAIN_MEMORY/awaddr_hold_reg[13]_rep_n_0) which is driven by a register (U_MAIN_MEMORY/awaddr_hold_reg[13]_rep) that has an active asychronous set or reset. This may cause corruption of the memory contents and/or read values when the set/reset is asserted and is not analyzed by the default static timing analysis. It is suggested to eliminate the use of a set/reset to registers driving this RAMB pin or else use a synchronous reset in which the assertion of the reset is timed by default.
WARNING: [DRC REQP-1839] RAMB36 async control check: The RAMB36E1 U_MAIN_MEMORY/mem0_reg_0_0 has an input control pin U_MAIN_MEMORY/mem0_reg_0_0/ADDRARDADDR[14] (net: U_MAIN_MEMORY/awaddr_hold_reg[14]_rep_n_0) which is driven by a register (U_MAIN_MEMORY/awaddr_hold_reg[14]_rep) that has an active asychronous set or reset. This may cause corruption of the memory contents and/or read values when the set/reset is asserted and is not analyzed by the default static timing analysis. It is suggested to eliminate the use of a set/reset to registers driving this RAMB pin or else use a synchronous reset in which the assertion of the reset is timed by default.
WARNING: [DRC REQP-1839] RAMB36 async control check: The RAMB36E1 U_MAIN_MEMORY/mem0_reg_0_0 has an input control pin U_MAIN_MEMORY/mem0_reg_0_0/ADDRARDADDR[2] (net: U_MAIN_MEMORY/awaddr_hold_reg[2]_rep_n_0) which is driven by a register (U_MAIN_MEMORY/awaddr_hold_reg[2]_rep) that has an active asychronous set or reset. This may cause corruption of the memory contents and/or read values when the set/reset is asserted and is not analyzed by the default static timing analysis. It is suggested to eliminate the use of a set/reset to registers driving this RAMB pin or else use a synchronous reset in which the assertion of the reset is timed by default.
WARNING: [DRC REQP-1839] RAMB36 async control check: The RAMB36E1 U_MAIN_MEMORY/mem0_reg_0_0 has an input control pin U_MAIN_MEMORY/mem0_reg_0_0/ADDRARDADDR[3] (net: U_MAIN_MEMORY/awaddr_hold_reg[3]_rep_n_0) which is driven by a register (U_MAIN_MEMORY/awaddr_hold_reg[3]_rep) that has an active asychronous set or reset. This may cause corruption of the memory contents and/or read values when the set/reset is asserted and is not analyzed by the default static timing analysis. It is suggested to eliminate the use of a set/reset to registers driving this RAMB pin or else use a synchronous reset in which the assertion of the reset is timed by default.
WARNING: [DRC REQP-1839] RAMB36 async control check: The RAMB36E1 U_MAIN_MEMORY/mem0_reg_0_0 has an input control pin U_MAIN_MEMORY/mem0_reg_0_0/ADDRARDADDR[4] (net: U_MAIN_MEMORY/awaddr_hold_reg[4]_rep_n_0) which is driven by a register (U_MAIN_MEMORY/awaddr_hold_reg[4]_rep) that has an active asychronous set or reset. This may cause corruption of the memory contents and/or read values when the set/reset is asserted and is not analyzed by the default static timing analysis. It is suggested to eliminate the use of a set/reset to registers driving this RAMB pin or else use a synchronous reset in which the assertion of the reset is timed by default.
WARNING: [DRC REQP-1839] RAMB36 async control check: The RAMB36E1 U_MAIN_MEMORY/mem0_reg_0_0 has an input control pin U_MAIN_MEMORY/mem0_reg_0_0/ADDRARDADDR[5] (net: U_MAIN_MEMORY/awaddr_hold_reg[5]_rep_n_0) which is driven by a register (U_MAIN_MEMORY/awaddr_hold_reg[5]_rep) that has an active asychronous set or reset. This may cause corruption of the memory contents and/or read values when the set/reset is asserted and is not analyzed by the default static timing analysis. It is suggested to eliminate the use of a set/reset to registers driving this RAMB pin or else use a synchronous reset in which the assertion of the reset is timed by default.
WARNING: [DRC REQP-1839] RAMB36 async control check: The RAMB36E1 U_MAIN_MEMORY/mem0_reg_0_0 has an input control pin U_MAIN_MEMORY/mem0_reg_0_0/ADDRARDADDR[6] (net: U_MAIN_MEMORY/awaddr_hold_reg[6]_rep_n_0) which is driven by a register (U_MAIN_MEMORY/awaddr_hold_reg[6]_rep) that has an active asychronous set or reset. This may cause corruption of the memory contents and/or read values when the set/reset is asserted and is not analyzed by the default static timing analysis. It is suggested to eliminate the use of a set/reset to registers driving this RAMB pin or else use a synchronous reset in which the assertion of the reset is timed by default.
WARNING: [DRC REQP-1839] RAMB36 async control check: The RAMB36E1 U_MAIN_MEMORY/mem0_reg_0_0 has an input control pin U_MAIN_MEMORY/mem0_reg_0_0/ADDRARDADDR[7] (net: U_MAIN_MEMORY/awaddr_hold_reg[7]_rep_n_0) which is driven by a register (U_MAIN_MEMORY/awaddr_hold_reg[7]_rep) that has an active asychronous set or reset. This may cause corruption of the memory contents and/or read values when the set/reset is asserted and is not analyzed by the default static timing analysis. It is suggested to eliminate the use of a set/reset to registers driving this RAMB pin or else use a synchronous reset in which the assertion of the reset is timed by default.
WARNING: [DRC REQP-1839] RAMB36 async control check: The RAMB36E1 U_MAIN_MEMORY/mem0_reg_0_0 has an input control pin U_MAIN_MEMORY/mem0_reg_0_0/ADDRARDADDR[8] (net: U_MAIN_MEMORY/awaddr_hold_reg[8]_rep_n_0) which is driven by a register (U_MAIN_MEMORY/awaddr_hold_reg[8]_rep) that has an active asychronous set or reset. This may cause corruption of the memory contents and/or read values when the set/reset is asserted and is not analyzed by the default static timing analysis. It is suggested to eliminate the use of a set/reset to registers driving this RAMB pin or else use a synchronous reset in which the assertion of the reset is timed by default.
WARNING: [DRC REQP-1839] RAMB36 async control check: The RAMB36E1 U_MAIN_MEMORY/mem0_reg_0_0 has an input control pin U_MAIN_MEMORY/mem0_reg_0_0/ADDRARDADDR[9] (net: U_MAIN_MEMORY/awaddr_hold_reg[9]_rep_n_0) which is driven by a register (U_MAIN_MEMORY/awaddr_hold_reg[9]_rep) that has an active asychronous set or reset. This may cause corruption of the memory contents and/or read values when the set/reset is asserted and is not analyzed by the default static timing analysis. It is suggested to eliminate the use of a set/reset to registers driving this RAMB pin or else use a synchronous reset in which the assertion of the reset is timed by default.
WARNING: [DRC REQP-1839] RAMB36 async control check: The RAMB36E1 U_MAIN_MEMORY/mem0_reg_0_0 has an input control pin U_MAIN_MEMORY/mem0_reg_0_0/ADDRBWRADDR[14] (net: U_MAIN_MEMORY/mem0_reg_0_0_i_3_n_0) which is driven by a register (U_MAIN_MEMORY/r_addr_reg[10]) that has an active asychronous set or reset. This may cause corruption of the memory contents and/or read values when the set/reset is asserted and is not analyzed by the default static timing analysis. It is suggested to eliminate the use of a set/reset to registers driving this RAMB pin or else use a synchronous reset in which the assertion of the reset is timed by default.
WARNING: [DRC REQP-1839] RAMB36 async control check: The RAMB36E1 U_MAIN_MEMORY/mem0_reg_0_0 has an input control pin U_MAIN_MEMORY/mem0_reg_0_0/ADDRBWRADDR[14] (net: U_MAIN_MEMORY/mem0_reg_0_0_i_3_n_0) which is driven by a register (U_MAIN_MEMORY/r_addr_reg[11]) that has an active asychronous set or reset. This may cause corruption of the memory contents and/or read values when the set/reset is asserted and is not analyzed by the default static timing analysis. It is suggested to eliminate the use of a set/reset to registers driving this RAMB pin or else use a synchronous reset in which the assertion of the reset is timed by default.
WARNING: [DRC REQP-1839] RAMB36 async control check: The RAMB36E1 U_MAIN_MEMORY/mem0_reg_0_0 has an input control pin U_MAIN_MEMORY/mem0_reg_0_0/ADDRBWRADDR[14] (net: U_MAIN_MEMORY/mem0_reg_0_0_i_3_n_0) which is driven by a register (U_MAIN_MEMORY/r_addr_reg[12]) that has an active asychronous set or reset. This may cause corruption of the memory contents and/or read values when the set/reset is asserted and is not analyzed by the default static timing analysis. It is suggested to eliminate the use of a set/reset to registers driving this RAMB pin or else use a synchronous reset in which the assertion of the reset is timed by default.
WARNING: [DRC REQP-1839] RAMB36 async control check: The RAMB36E1 U_MAIN_MEMORY/mem0_reg_0_0 has an input control pin U_MAIN_MEMORY/mem0_reg_0_0/ADDRBWRADDR[14] (net: U_MAIN_MEMORY/mem0_reg_0_0_i_3_n_0) which is driven by a register (U_MAIN_MEMORY/r_addr_reg[13]) that has an active asychronous set or reset. This may cause corruption of the memory contents and/or read values when the set/reset is asserted and is not analyzed by the default static timing analysis. It is suggested to eliminate the use of a set/reset to registers driving this RAMB pin or else use a synchronous reset in which the assertion of the reset is timed by default.
WARNING: [DRC REQP-1839] RAMB36 async control check: The RAMB36E1 U_MAIN_MEMORY/mem0_reg_0_0 has an input control pin U_MAIN_MEMORY/mem0_reg_0_0/ADDRBWRADDR[14] (net: U_MAIN_MEMORY/mem0_reg_0_0_i_3_n_0) which is driven by a register (U_MAIN_MEMORY/r_addr_reg[14]) that has an active asychronous set or reset. This may cause corruption of the memory contents and/or read values when the set/reset is asserted and is not analyzed by the default static timing analysis. It is suggested to eliminate the use of a set/reset to registers driving this RAMB pin or else use a synchronous reset in which the assertion of the reset is timed by default.
WARNING: [DRC REQP-1839] RAMB36 async control check: The RAMB36E1 U_MAIN_MEMORY/mem0_reg_0_0 has an input control pin U_MAIN_MEMORY/mem0_reg_0_0/ADDRBWRADDR[14] (net: U_MAIN_MEMORY/mem0_reg_0_0_i_3_n_0) which is driven by a register (U_cpu/U_AXI_MASTER/FSM_onehot_state_reg[4]) that has an active asychronous set or reset. This may cause corruption of the memory contents and/or read values when the set/reset is asserted and is not analyzed by the default static timing analysis. It is suggested to eliminate the use of a set/reset to registers driving this RAMB pin or else use a synchronous reset in which the assertion of the reset is timed by default.
WARNING: [DRC REQP-1839] RAMB36 async control check: The RAMB36E1 U_MAIN_MEMORY/mem0_reg_0_0 has an input control pin U_MAIN_MEMORY/mem0_reg_0_0/ADDRBWRADDR[14] (net: U_MAIN_MEMORY/mem0_reg_0_0_i_3_n_0) which is driven by a register (U_cpu/U_AXI_MASTER/read_addr_reg[14]) that has an active asychronous set or reset. This may cause corruption of the memory contents and/or read values when the set/reset is asserted and is not analyzed by the default static timing analysis. It is suggested to eliminate the use of a set/reset to registers driving this RAMB pin or else use a synchronous reset in which the assertion of the reset is timed by default.
INFO: [Vivado 12-3199] DRC finished with 0 Errors, 22 Warnings
INFO: [Vivado 12-3200] Please refer to the DRC report (report_drc) for more information.
INFO: [Designutils 20-2272] Running write_bitstream with 2 threads.
Loading data files...
Loading site data...
Loading route data...
Processing options...
Creating bitmap...
Creating bitstream...
Writing bitstream ./miniRV_SoC.bit...
INFO: [Vivado 12-1842] Bitgen Completed Successfully.
INFO: [Project 1-1876] WebTalk data collection is mandatory when using a ULT device. To see the specific WebTalk data collected for your design, open the usage_statistics_webtalk.html or usage_statistics_webtalk.xml file in the implementation directory.
INFO: [Common 17-83] Releasing license: Implementation
28 Infos, 22 Warnings, 0 Critical Warnings and 0 Errors encountered.
write_bitstream completed successfully
write_bitstream: Time (s): cpu = 00:00:17 ; elapsed = 00:00:13 . Memory (MB): peak = 2539.375 ; gain = 351.379
INFO: [Common 17-206] Exiting Vivado at Wed Jul 29 10:44:50 2026...
[Wed Jul 29 10:44:51 2026] impl_1 finished
wait_on_runs: Time (s): cpu = 00:00:00 ; elapsed = 00:01:56 . Memory (MB): peak = 1620.449 ; gain = 0.000
Netlist sorting complete. Time (s): cpu = 00:00:00 ; elapsed = 00:00:00.063 . Memory (MB): peak = 1620.449 ; gain = 0.000
INFO: [Netlist 29-17] Analyzing 391 Unisim elements for replacement
INFO: [Netlist 29-28] Unisim Transformation completed in 0 CPU seconds
INFO: [Project 1-479] Netlist was created with Vivado 2023.2
INFO: [Project 1-570] Preparing netlist for logic optimization
Read ShapeDB Complete: Time (s): cpu = 00:00:00 ; elapsed = 00:00:00.023 . Memory (MB): peak = 1620.449 ; gain = 0.000
INFO: [Timing 38-478] Restoring timing data from binary archive.
INFO: [Timing 38-479] Binary timing data restore complete.
INFO: [Project 1-856] Restoring constraints from binary archive.
INFO: [Project 1-853] Binary constraint restore complete.
INFO: [Designutils 20-5722] Start Reading Physical Databases.
Reading placement.
Read Netlist Cache: Time (s): cpu = 00:00:00 ; elapsed = 00:00:00.009 . Memory (MB): peak = 1637.020 ; gain = 0.000
Reading placer database...
Read Device Cache: Time (s): cpu = 00:00:00 ; elapsed = 00:00:00.008 . Memory (MB): peak = 1637.020 ; gain = 0.000
Read PlaceDB: Time (s): cpu = 00:00:01 ; elapsed = 00:00:00.232 . Memory (MB): peak = 1637.020 ; gain = 0.000
Read PulsedLatchDB: Time (s): cpu = 00:00:00 ; elapsed = 00:00:00 . Memory (MB): peak = 1637.020 ; gain = 0.000
Reading routing.
Read RouteStorage: Time (s): cpu = 00:00:00 ; elapsed = 00:00:00.112 . Memory (MB): peak = 1637.020 ; gain = 0.000
Read Physdb Files: Time (s): cpu = 00:00:01 ; elapsed = 00:00:00.380 . Memory (MB): peak = 1637.020 ; gain = 0.000
Restored from archive | CPU: 1.000000 secs | Memory: 0.000000 MB |
Finished XDEF File Restore: Time (s): cpu = 00:00:01 ; elapsed = 00:00:00.382 . Memory (MB): peak = 1637.020 ; gain = 0.000
Netlist sorting complete. Time (s): cpu = 00:00:00 ; elapsed = 00:00:00.002 . Memory (MB): peak = 1637.020 ; gain = 0.000
INFO: [Project 1-111] Unisim Transformation Summary:
  A total of 114 instances were transformed.
  RAM32M => RAM32M (RAMD32(x6), RAMS32(x2)): 10 instances
  RAM32X1D => RAM32X1D (RAMD32(x2)): 4 instances
  RAM64M => RAM64M (RAMD64E(x4)): 100 instances

Performance_ExplorePostRoutePhysOpt post-route setup WNS = 0.869 ns
Performance_ExplorePostRoutePhysOpt post-route hold WHS = 0.025 ns
Command: report_power -file D:/miniRV_CTEST_CoreMark_v8/miniRV_lab2_C_TEST0-4_CoreMark_50MHz_v8_MEM_handshake_fixed/miniRV_complete/reports/c_test_board_50MHz/power_PASS.rpt
Running Vector-less Activity Propagation...

Finished Running Vector-less Activity Propagation
WARNING: [Power 33-332] Found switching activity that implies high-fanout reset nets being asserted for excessive periods of time which may result in inaccurate power analysis.
Resolution: To review and fix problems, please run Power Constraints Advisor in the GUI from Tools > Power Constraints Advisor or run report_power with the -advisory option to generate a text report.
26 Infos, 3 Warnings, 0 Critical Warnings and 0 Errors encountered.
report_power completed successfully
Command: report_drc -file D:/miniRV_CTEST_CoreMark_v8/miniRV_lab2_C_TEST0-4_CoreMark_50MHz_v8_MEM_handshake_fixed/miniRV_complete/reports/c_test_board_50MHz/drc_PASS.rpt
INFO: [IP_Flow 19-1839] IP Catalog is up to date.
INFO: [DRC 23-27] Running DRC with 2 threads
INFO: [Vivado_Tcl 2-168] The results of DRC are in file D:/miniRV_CTEST_CoreMark_v8/miniRV_lab2_C_TEST0-4_CoreMark_50MHz_v8_MEM_handshake_fixed/miniRV_complete/reports/c_test_board_50MHz/drc_PASS.rpt.
report_drc completed successfully
Command: write_bitstream -force D:/miniRV_CTEST_CoreMark_v8/miniRV_lab2_C_TEST0-4_CoreMark_50MHz_v8_MEM_handshake_fixed/miniRV_complete/output/miniRV_c_test_active_50MHz.bit
Attempting to get a license for feature 'Implementation' and/or device 'xc7a35t'
INFO: [Common 17-349] Got license for feature 'Implementation' and/or device 'xc7a35t'
Running DRC as a precondition to command write_bitstream
INFO: [IP_Flow 19-1839] IP Catalog is up to date.
INFO: [DRC 23-27] Running DRC with 2 threads
WARNING: [DRC CFGBVS-1] Missing CFGBVS and CONFIG_VOLTAGE Design Properties: Neither the CFGBVS nor CONFIG_VOLTAGE voltage property is set in the current_design.  Configuration bank voltage select (CFGBVS) must be set to VCCO or GND, and CONFIG_VOLTAGE must be set to the correct configuration voltage, in order to determine the I/O voltage support for the pins in bank 0.  It is suggested to specify these either using the 'Edit Device Properties' function in the GUI or directly in the XDC file using the following syntax:

 set_property CFGBVS value1 [current_design]
 #where value1 is either VCCO or GND

 set_property CONFIG_VOLTAGE value2 [current_design]
 #where value2 is the voltage provided to configuration bank 0

Refer to the device configuration user guide for more information.
WARNING: [DRC CHECK-3] Report rule limit reached: REQP-1839 rule limit reached: 20 violations have been found.
WARNING: [DRC REQP-1839] RAMB36 async control check: The RAMB36E1 U_MAIN_MEMORY/mem0_reg_0_0 has an input control pin U_MAIN_MEMORY/mem0_reg_0_0/ADDRARDADDR[10] (net: U_MAIN_MEMORY/awaddr_hold_reg[10]_rep_n_0) which is driven by a register (U_MAIN_MEMORY/awaddr_hold_reg[10]_rep) that has an active asychronous set or reset. This may cause corruption of the memory contents and/or read values when the set/reset is asserted and is not analyzed by the default static timing analysis. It is suggested to eliminate the use of a set/reset to registers driving this RAMB pin or else use a synchronous reset in which the assertion of the reset is timed by default.
WARNING: [DRC REQP-1839] RAMB36 async control check: The RAMB36E1 U_MAIN_MEMORY/mem0_reg_0_0 has an input control pin U_MAIN_MEMORY/mem0_reg_0_0/ADDRARDADDR[11] (net: U_MAIN_MEMORY/awaddr_hold_reg[11]_rep_n_0) which is driven by a register (U_MAIN_MEMORY/awaddr_hold_reg[11]_rep) that has an active asychronous set or reset. This may cause corruption of the memory contents and/or read values when the set/reset is asserted and is not analyzed by the default static timing analysis. It is suggested to eliminate the use of a set/reset to registers driving this RAMB pin or else use a synchronous reset in which the assertion of the reset is timed by default.
WARNING: [DRC REQP-1839] RAMB36 async control check: The RAMB36E1 U_MAIN_MEMORY/mem0_reg_0_0 has an input control pin U_MAIN_MEMORY/mem0_reg_0_0/ADDRARDADDR[12] (net: U_MAIN_MEMORY/awaddr_hold_reg[12]_rep_n_0) which is driven by a register (U_MAIN_MEMORY/awaddr_hold_reg[12]_rep) that has an active asychronous set or reset. This may cause corruption of the memory contents and/or read values when the set/reset is asserted and is not analyzed by the default static timing analysis. It is suggested to eliminate the use of a set/reset to registers driving this RAMB pin or else use a synchronous reset in which the assertion of the reset is timed by default.
WARNING: [DRC REQP-1839] RAMB36 async control check: The RAMB36E1 U_MAIN_MEMORY/mem0_reg_0_0 has an input control pin U_MAIN_MEMORY/mem0_reg_0_0/ADDRARDADDR[13] (net: U_MAIN_MEMORY/awaddr_hold_reg[13]_rep_n_0) which is driven by a register (U_MAIN_MEMORY/awaddr_hold_reg[13]_rep) that has an active asychronous set or reset. This may cause corruption of the memory contents and/or read values when the set/reset is asserted and is not analyzed by the default static timing analysis. It is suggested to eliminate the use of a set/reset to registers driving this RAMB pin or else use a synchronous reset in which the assertion of the reset is timed by default.
WARNING: [DRC REQP-1839] RAMB36 async control check: The RAMB36E1 U_MAIN_MEMORY/mem0_reg_0_0 has an input control pin U_MAIN_MEMORY/mem0_reg_0_0/ADDRARDADDR[14] (net: U_MAIN_MEMORY/awaddr_hold_reg[14]_rep_n_0) which is driven by a register (U_MAIN_MEMORY/awaddr_hold_reg[14]_rep) that has an active asychronous set or reset. This may cause corruption of the memory contents and/or read values when the set/reset is asserted and is not analyzed by the default static timing analysis. It is suggested to eliminate the use of a set/reset to registers driving this RAMB pin or else use a synchronous reset in which the assertion of the reset is timed by default.
WARNING: [DRC REQP-1839] RAMB36 async control check: The RAMB36E1 U_MAIN_MEMORY/mem0_reg_0_0 has an input control pin U_MAIN_MEMORY/mem0_reg_0_0/ADDRARDADDR[2] (net: U_MAIN_MEMORY/awaddr_hold_reg[2]_rep_n_0) which is driven by a register (U_MAIN_MEMORY/awaddr_hold_reg[2]_rep) that has an active asychronous set or reset. This may cause corruption of the memory contents and/or read values when the set/reset is asserted and is not analyzed by the default static timing analysis. It is suggested to eliminate the use of a set/reset to registers driving this RAMB pin or else use a synchronous reset in which the assertion of the reset is timed by default.
WARNING: [DRC REQP-1839] RAMB36 async control check: The RAMB36E1 U_MAIN_MEMORY/mem0_reg_0_0 has an input control pin U_MAIN_MEMORY/mem0_reg_0_0/ADDRARDADDR[3] (net: U_MAIN_MEMORY/awaddr_hold_reg[3]_rep_n_0) which is driven by a register (U_MAIN_MEMORY/awaddr_hold_reg[3]_rep) that has an active asychronous set or reset. This may cause corruption of the memory contents and/or read values when the set/reset is asserted and is not analyzed by the default static timing analysis. It is suggested to eliminate the use of a set/reset to registers driving this RAMB pin or else use a synchronous reset in which the assertion of the reset is timed by default.
WARNING: [DRC REQP-1839] RAMB36 async control check: The RAMB36E1 U_MAIN_MEMORY/mem0_reg_0_0 has an input control pin U_MAIN_MEMORY/mem0_reg_0_0/ADDRARDADDR[4] (net: U_MAIN_MEMORY/awaddr_hold_reg[4]_rep_n_0) which is driven by a register (U_MAIN_MEMORY/awaddr_hold_reg[4]_rep) that has an active asychronous set or reset. This may cause corruption of the memory contents and/or read values when the set/reset is asserted and is not analyzed by the default static timing analysis. It is suggested to eliminate the use of a set/reset to registers driving this RAMB pin or else use a synchronous reset in which the assertion of the reset is timed by default.
WARNING: [DRC REQP-1839] RAMB36 async control check: The RAMB36E1 U_MAIN_MEMORY/mem0_reg_0_0 has an input control pin U_MAIN_MEMORY/mem0_reg_0_0/ADDRARDADDR[5] (net: U_MAIN_MEMORY/awaddr_hold_reg[5]_rep_n_0) which is driven by a register (U_MAIN_MEMORY/awaddr_hold_reg[5]_rep) that has an active asychronous set or reset. This may cause corruption of the memory contents and/or read values when the set/reset is asserted and is not analyzed by the default static timing analysis. It is suggested to eliminate the use of a set/reset to registers driving this RAMB pin or else use a synchronous reset in which the assertion of the reset is timed by default.
WARNING: [DRC REQP-1839] RAMB36 async control check: The RAMB36E1 U_MAIN_MEMORY/mem0_reg_0_0 has an input control pin U_MAIN_MEMORY/mem0_reg_0_0/ADDRARDADDR[6] (net: U_MAIN_MEMORY/awaddr_hold_reg[6]_rep_n_0) which is driven by a register (U_MAIN_MEMORY/awaddr_hold_reg[6]_rep) that has an active asychronous set or reset. This may cause corruption of the memory contents and/or read values when the set/reset is asserted and is not analyzed by the default static timing analysis. It is suggested to eliminate the use of a set/reset to registers driving this RAMB pin or else use a synchronous reset in which the assertion of the reset is timed by default.
WARNING: [DRC REQP-1839] RAMB36 async control check: The RAMB36E1 U_MAIN_MEMORY/mem0_reg_0_0 has an input control pin U_MAIN_MEMORY/mem0_reg_0_0/ADDRARDADDR[7] (net: U_MAIN_MEMORY/awaddr_hold_reg[7]_rep_n_0) which is driven by a register (U_MAIN_MEMORY/awaddr_hold_reg[7]_rep) that has an active asychronous set or reset. This may cause corruption of the memory contents and/or read values when the set/reset is asserted and is not analyzed by the default static timing analysis. It is suggested to eliminate the use of a set/reset to registers driving this RAMB pin or else use a synchronous reset in which the assertion of the reset is timed by default.
WARNING: [DRC REQP-1839] RAMB36 async control check: The RAMB36E1 U_MAIN_MEMORY/mem0_reg_0_0 has an input control pin U_MAIN_MEMORY/mem0_reg_0_0/ADDRARDADDR[8] (net: U_MAIN_MEMORY/awaddr_hold_reg[8]_rep_n_0) which is driven by a register (U_MAIN_MEMORY/awaddr_hold_reg[8]_rep) that has an active asychronous set or reset. This may cause corruption of the memory contents and/or read values when the set/reset is asserted and is not analyzed by the default static timing analysis. It is suggested to eliminate the use of a set/reset to registers driving this RAMB pin or else use a synchronous reset in which the assertion of the reset is timed by default.
WARNING: [DRC REQP-1839] RAMB36 async control check: The RAMB36E1 U_MAIN_MEMORY/mem0_reg_0_0 has an input control pin U_MAIN_MEMORY/mem0_reg_0_0/ADDRARDADDR[9] (net: U_MAIN_MEMORY/awaddr_hold_reg[9]_rep_n_0) which is driven by a register (U_MAIN_MEMORY/awaddr_hold_reg[9]_rep) that has an active asychronous set or reset. This may cause corruption of the memory contents and/or read values when the set/reset is asserted and is not analyzed by the default static timing analysis. It is suggested to eliminate the use of a set/reset to registers driving this RAMB pin or else use a synchronous reset in which the assertion of the reset is timed by default.
WARNING: [DRC REQP-1839] RAMB36 async control check: The RAMB36E1 U_MAIN_MEMORY/mem0_reg_0_0 has an input control pin U_MAIN_MEMORY/mem0_reg_0_0/ADDRBWRADDR[14] (net: U_MAIN_MEMORY/mem0_reg_0_0_i_3_n_0) which is driven by a register (U_MAIN_MEMORY/r_active_reg) that has an active asychronous set or reset. This may cause corruption of the memory contents and/or read values when the set/reset is asserted and is not analyzed by the default static timing analysis. It is suggested to eliminate the use of a set/reset to registers driving this RAMB pin or else use a synchronous reset in which the assertion of the reset is timed by default.
WARNING: [DRC REQP-1839] RAMB36 async control check: The RAMB36E1 U_MAIN_MEMORY/mem0_reg_0_0 has an input control pin U_MAIN_MEMORY/mem0_reg_0_0/ADDRBWRADDR[14] (net: U_MAIN_MEMORY/mem0_reg_0_0_i_3_n_0) which is driven by a register (U_MAIN_MEMORY/r_addr_reg[10]) that has an active asychronous set or reset. This may cause corruption of the memory contents and/or read values when the set/reset is asserted and is not analyzed by the default static timing analysis. It is suggested to eliminate the use of a set/reset to registers driving this RAMB pin or else use a synchronous reset in which the assertion of the reset is timed by default.
WARNING: [DRC REQP-1839] RAMB36 async control check: The RAMB36E1 U_MAIN_MEMORY/mem0_reg_0_0 has an input control pin U_MAIN_MEMORY/mem0_reg_0_0/ADDRBWRADDR[14] (net: U_MAIN_MEMORY/mem0_reg_0_0_i_3_n_0) which is driven by a register (U_MAIN_MEMORY/r_addr_reg[14]) that has an active asychronous set or reset. This may cause corruption of the memory contents and/or read values when the set/reset is asserted and is not analyzed by the default static timing analysis. It is suggested to eliminate the use of a set/reset to registers driving this RAMB pin or else use a synchronous reset in which the assertion of the reset is timed by default.
WARNING: [DRC REQP-1839] RAMB36 async control check: The RAMB36E1 U_MAIN_MEMORY/mem0_reg_0_0 has an input control pin U_MAIN_MEMORY/mem0_reg_0_0/ADDRBWRADDR[14] (net: U_MAIN_MEMORY/mem0_reg_0_0_i_3_n_0) which is driven by a register (U_MAIN_MEMORY/r_addr_reg[15]) that has an active asychronous set or reset. This may cause corruption of the memory contents and/or read values when the set/reset is asserted and is not analyzed by the default static timing analysis. It is suggested to eliminate the use of a set/reset to registers driving this RAMB pin or else use a synchronous reset in which the assertion of the reset is timed by default.
WARNING: [DRC REQP-1839] RAMB36 async control check: The RAMB36E1 U_MAIN_MEMORY/mem0_reg_0_0 has an input control pin U_MAIN_MEMORY/mem0_reg_0_0/ADDRBWRADDR[14] (net: U_MAIN_MEMORY/mem0_reg_0_0_i_3_n_0) which is driven by a register (U_MAIN_MEMORY/r_addr_reg[3]) that has an active asychronous set or reset. This may cause corruption of the memory contents and/or read values when the set/reset is asserted and is not analyzed by the default static timing analysis. It is suggested to eliminate the use of a set/reset to registers driving this RAMB pin or else use a synchronous reset in which the assertion of the reset is timed by default.
WARNING: [DRC REQP-1839] RAMB36 async control check: The RAMB36E1 U_MAIN_MEMORY/mem0_reg_0_0 has an input control pin U_MAIN_MEMORY/mem0_reg_0_0/ADDRBWRADDR[14] (net: U_MAIN_MEMORY/mem0_reg_0_0_i_3_n_0) which is driven by a register (U_MAIN_MEMORY/r_addr_reg[4]) that has an active asychronous set or reset. This may cause corruption of the memory contents and/or read values when the set/reset is asserted and is not analyzed by the default static timing analysis. It is suggested to eliminate the use of a set/reset to registers driving this RAMB pin or else use a synchronous reset in which the assertion of the reset is timed by default.
WARNING: [DRC REQP-1839] RAMB36 async control check: The RAMB36E1 U_MAIN_MEMORY/mem0_reg_0_0 has an input control pin U_MAIN_MEMORY/mem0_reg_0_0/ADDRBWRADDR[14] (net: U_MAIN_MEMORY/mem0_reg_0_0_i_3_n_0) which is driven by a register (U_MAIN_MEMORY/r_addr_reg[5]) that has an active asychronous set or reset. This may cause corruption of the memory contents and/or read values when the set/reset is asserted and is not analyzed by the default static timing analysis. It is suggested to eliminate the use of a set/reset to registers driving this RAMB pin or else use a synchronous reset in which the assertion of the reset is timed by default.
INFO: [Vivado 12-3199] DRC finished with 0 Errors, 22 Warnings
INFO: [Vivado 12-3200] Please refer to the DRC report (report_drc) for more information.
INFO: [Designutils 20-2272] Running write_bitstream with 2 threads.
Loading data files...
Loading site data...
Loading route data...
Processing options...
Creating bitmap...
Creating bitstream...
Writing bitstream D:/miniRV_CTEST_CoreMark_v8/miniRV_lab2_C_TEST0-4_CoreMark_50MHz_v8_MEM_handshake_fixed/miniRV_complete/output/miniRV_c_test_active_50MHz.bit...
INFO: [Vivado 12-1842] Bitgen Completed Successfully.
INFO: [Project 1-1876] WebTalk data collection is mandatory when using a ULT device. To see the specific WebTalk data collected for your design, open the usage_statistics_webtalk.html or usage_statistics_webtalk.xml file in the implementation directory.
INFO: [Common 17-83] Releasing license: Implementation
38 Infos, 25 Warnings, 0 Critical Warnings and 0 Errors encountered.
write_bitstream completed successfully
write_bitstream: Time (s): cpu = 00:00:17 ; elapsed = 00:00:13 . Memory (MB): peak = 2220.062 ; gain = 452.531
C_TEST BOARD 50 MHz BITSTREAM AND TIMING PASSED
Active test: 4_coremark
Implementation strategy: Performance_ExplorePostRoutePhysOpt
Post-route setup WNS = 0.869 ns
Post-route hold WHS = 0.025 ns
Bitstream: D:/miniRV_CTEST_CoreMark_v8/miniRV_lab2_C_TEST0-4_CoreMark_50MHz_v8_MEM_handshake_fixed/miniRV_complete/output/miniRV_c_test_active_50MHz.bit
For UART tests, open 115200-8-N-1, then program and release S6.
INFO: [Common 17-206] Exiting Vivado at Wed Jul 29 10:45:12 2026...
